0.000000000000000000e+00,1.051601036927035437e+00,9.314204415709405049e-01,6.443771431136964267e-01,4.615728693794001192e-01,2.152430476454681232e-02,8.645808235391266861e-02,6.543214695874717546e-02,4.059755872908791807e-01,6.994639700053678633e-01,3.522656035769007599e-02,2.184096011253416625e-01,9.161029772006047400e-01,0.000000000000000000e+00,3.860543221379099665e-01,4.034641804220744365e-01,6.261325199748325743e-02,1.966258923330240285e-02,2.159598966052072022e-01,0.000000000000000000e+00,9.639257758180131558e-04,0.000000000000000000e+00,3.085247722797609601e-02,3.978567531421504100e-01,8.465005702965809967e-03,0.000000000000000000e+00,6.178366128958385356e-02,0.000000000000000000e+00,1.182086874442260099e-01,7.147451691489904724e-02,2.635385218218054201e-02,4.905367287890236017e-02,2.861141386027707401e-02,0.000000000000000000e+00,4.154901199444209492e-02,3.813069597655252552e-02,4.585320877056850257e-03,1.123861620432539815e-01,5.291587729440682709e-03,4.961261056538896624e-02,0.000000000000000000e+00,2.838571589494274724e-02,5.077534467614795988e-01,6.993540208500936828e-02,3.559752231639968373e-02,1.977567375917474168e-01,0.000000000000000000e+00,1.306964661910389458e-01,4.003901313297926756e-01,5.022682306619489223e-01,8.064111594336591249e-02,0.000000000000000000e+00,5.575716849339057424e-02,0.000000000000000000e+00
0.000000000000000000e+00,9.111707883033265398e-02,1.412741164991585252e-01,1.155309753056047439e-01,1.503690843214014472e-02,4.285460846589805167e-02,3.839091915534280103e-03,1.784823720554964133e-01,3.348290825500038759e-02,7.663644317128857908e-02,1.776241346070840388e-01,4.700766290459654217e-02,2.954381571504757775e-02,3.450073598071565911e-02,2.109176033353410418e-02,7.214804689731818543e-02,1.859283340127033946e-02,1.721366515000206376e-01,1.378422759048218878e-02,2.424646499445846926e-01,4.851350249584897995e-02,5.476004833132261940e-01,1.210247112404754140e-02,7.973784814266889065e-02,1.061766444055826514e-01,1.104289265499289741e-01,1.199420205628218272e-01,1.062786045598858031e-01,1.018484480307121041e-02,4.882395559612257019e-02,6.808009347828970770e-02,5.561014880200593896e-02,0.000000000000000000e+00,5.342410345049664749e-02,1.121326635766431296e-01,6.551878998615047467e-02,5.664059063733021399e-02,5.792598181564858478e-02,8.815155385817270706e-02,2.368439458971530534e-02,3.971486019201250078e-02,1.028506767451016664e-02,6.427055461642557088e-02,9.643238326435661645e-02,4.021557530916523154e-02,6.202833531451520423e-03,9.219424808333416196e-03,1.598099510816655341e-02,3.094076150611309653e-02,5.081040969890108366e-02,0.000000000000000000e+00,4.896536070557042791e-02,6.834960582903289172e-02,0.000000000000000000e+00
4.924582059788762400e-02,4.217589525308829135e-02,1.071220177977479926e-01,3.098110082963489997e-02,4.522589291019477042e-02,2.988962806081920179e-02,5.560920242320580714e-02,6.442265859260880301e-02,2.440697752129629763e-02,3.622800025028270754e-02,5.121231340954928574e-02,9.822823858403605113e-02,8.393260551016169801e-03,4.034298682426818577e-02,3.991127554675619887e-02,1.974604382672704925e-02,4.089157255725779649e-02,5.065494228819803629e-02,3.414760961308154624e-02,1.222336957764951354e-01,4.835778377136729089e-02,9.051174987338127254e-02,2.827226811028112075e-02,7.737108235126177735e-02,6.489925500820033222e-02,4.545209633586329984e-02,2.608491735229677075e-02,5.956266222652198405e-02,2.830977459926808937e-02,5.242264264396522683e-02,4.942208712884730432e-02,3.032189632698745543e-02,1.619312249219458100e-02,9.730821689669572061e-03,2.917926126113693994e-02,1.380558304665304055e-02,1.455198607903659958e-02,4.358108524387369065e-02,4.776280572259809093e-02,5.930793240577680175e-02,3.573459730850223059e-02,4.946911058631411201e-02,1.039759619779325184e-01,2.262441689661798608e-02,1.074377309946946725e-02,3.335934512523029694e-02,2.002895911775108215e-02,2.301214983848910364e-02,2.935186809684172185e-02,6.818119661699656442e-02,6.379429719136653354e-02,6.795337823905760188e-02,2.660883662613493239e-02,9.790822411622610369e-03
1.515752153243357936e-01,3.391308855094907898e-02,2.877555714765268058e-01,1.290671733905348839e+00,1.948499644500855388e-01,5.343012804989401808e-03,4.578959366448150381e-01,7.729761458757555825e-02,6.858917406003410544e-02,4.444412743609407052e-02,7.061926194861602168e-02,1.113987059376393834e-01,4.738280831202056759e-02,1.005700509422727739e-03,5.822548553627915346e-02,6.376623272677416077e-02,2.002571215469904631e-01,9.737100801664548555e-02,1.023356290379735523e-01,5.053776067916234543e-02,1.669667091661885816e-01,5.913876140361750550e-02,7.344724640147744232e-02,4.785615933018625423e-01,5.270141074662814534e-02,9.419513905244898677e-02,2.048348415761630861e-02,3.837043452434520108e-02,1.300607320117246335e-01,4.928487111139190358e-01,1.476114658778556743e-01,1.598269584666249174e-02,3.325237856526606223e-02,5.643870508201665045e-04,1.023762182307491261e-02,5.033464363514666799e-03,2.049654112427163125e-02,5.738006027822548094e-02,4.479707258945458959e-02,4.521462583055491785e-02,2.609496308825903430e-02,8.779608717026802026e-03,3.069950285074025120e-01,3.967692583561684833e-02,1.876187009787948501e-01,1.003048673755005003e-03,0.000000000000000000e+00,5.769463160553058544e-03,2.619399387295148415e-02,1.165454462830867177e-01,7.949102081474511416e-02,1.566424542672253560e-03,1.578987939224736278e-02,3.381076821490184691e-03
1.357485330178735128e-01,3.499498072208093169e-02,1.267127769255107228e-01,8.482223347915944858e-03,1.223735884199234070e-01,6.201261792572102145e-03,3.207152433548485226e-01,6.853182963213687307e-02,7.506759585384038536e-01,8.746342807972473654e-02,1.383683354627322781e-01,4.021823988083381152e-01,3.678338493982550444e-02,7.071075866541356482e-04,1.232880075369806372e+00,5.379422581622443911e-01,1.267232983693324710e+00,2.501804320748626798e-01,1.553718501189943479e-01,1.051317827713234149e-01,4.734277441015310450e-01,7.185847650642400442e-02,0.000000000000000000e+00,2.977883338946878955e-01,4.816425350505513375e-02,2.774437950203328951e-01,7.014857898683545976e-04,5.377474685370241952e-02,2.027489874356457056e-01,4.158698596973946227e-02,1.181525319132585988e-01,3.691462449277378710e-02,1.665385922444989342e-01,0.000000000000000000e+00,0.000000000000000000e+00,4.202104858639950646e-01,1.443074924347328460e-02,7.209205583906848347e-02,7.923709742967280714e-03,9.631097583156078903e-03,7.668473287187584086e-02,3.040514471462987256e-01,4.391381140682090733e-01,3.408983153183056669e-01,1.458104299977427097e-02,3.545708185761787257e-01,0.000000000000000000e+00,0.000000000000000000e+00,6.421708703725452494e-02,4.457651718891517123e-01,5.399572162844908790e-02,6.157030979872930160e-03,1.229173744270944946e-02,2.619867484896793927e-02
7.788159919626898298e-02,6.465558164873247415e-02,8.570390566438824964e-02,2.512526964956012798e-01,1.345114756410474566e-01,0.000000000000000000e+00,7.569828366001895015e-01,4.654415801596559904e-02,6.954087939621799164e-01,3.973880340658901278e-01,3.817678345192946493e-02,1.444883446582170272e-01,1.351628973968236336e-01,0.000000000000000000e+00,6.691859462653991786e-01,2.029639386265929824e-01,7.309989163864106798e-01,7.718385659436747259e-01,4.379494183745134134e-02,8.857935656485582676e-02,1.058727844358663628e+00,2.506684874679740993e-01,6.955557395438599633e-02,3.861686757837863859e-01,5.138312202206405527e-02,9.835366689716169841e-02,9.781793528706996205e-05,5.874008381437204745e-02,1.707662250427203210e-01,3.757775661852792021e-02,5.850836918515619489e-01,3.732348101918436106e-02,9.870466185190825137e-02,0.000000000000000000e+00,0.000000000000000000e+00,2.788010790679580908e-01,6.903541777690266890e-02,2.755327100603876742e-02,0.000000000000000000e+00,7.410208076538180684e-04,2.964919572524895089e-02,8.746018296734792141e-02,5.538336702323800598e-01,6.262699790446384362e-01,6.249622703004222707e-02,4.587999954316286377e-01,0.000000000000000000e+00,3.961362249051528922e-02,1.059808767747832080e-02,8.007989716631169763e-01,7.067960161321446000e-01,0.000000000000000000e+00,9.986988478676015954e-03,3.197135765989823908e-03
5.061340514668369317e-02,7.507888402307737186e-02,4.056890038763907858e-01,9.562494072522192967e-02,7.768358338494007510e-03,1.034008384636347228e-02,4.168818384079289729e-02,1.067533185057209649e-01,5.888476137511217123e-01,3.268198355753410556e-01,1.820848100870886555e-01,1.171343624543173534e-01,3.707838132584836965e-01,3.726712085142825509e-02,3.740357611608568361e-02,2.254875051370736072e-01,2.466699823084730903e-02,5.533043747869486467e-02,1.072275164222122878e-01,9.497850761694004440e-02,4.182404335085435076e-02,1.533727726056169187e-02,0.000000000000000000e+00,1.379590817339064468e-01,3.660803506022521081e-02,9.508154808657330592e-02,4.705770831878957824e-03,9.092266472223019258e-02,0.000000000000000000e+00,6.294988386125109636e-02,1.651116634223704499e-02,1.701398206014978209e-01,2.765378840634465096e-02,1.629316546001392330e-04,4.488160248087763593e-02,0.000000000000000000e+00,8.130739663977448739e-02,5.573924019004403846e-02,4.070318053446244505e-02,1.491936125372642641e-01,6.250916385301144573e-02,6.193901069622908487e-04,1.855266335661214516e-01,9.505719674622063742e-02,2.019112595541455030e-02,2.604148140646336262e-01,0.000000000000000000e+00,2.619340586442105503e-02,3.905480863258934537e-02,2.961299912891034447e-01,3.813567431560353077e-02,6.441501891928513857e-02,6.031008687177759169e-03,2.950592571129152905e-04
7.458607043614361443e-01,1.510094188158971618e-01,9.878299461060426057e-03,2.039553624287970823e-01,5.081604537833861457e-02,5.278240514516437804e-02,1.683188241247236761e+00,1.409638094639143044e-03,4.471258101158437186e-03,4.235304999585709496e-02,8.285141224039312483e-03,1.013024211955339426e+00,1.940385520374844283e-02,7.348637261154866707e-02,1.922010874150742454e-01,6.666086571477741751e-01,5.491187370033841914e-03,9.913991872877231382e-01,2.563608490789122674e-01,1.640073899327712179e-02,9.505624259143790056e-01,0.000000000000000000e+00,2.597756065300436609e-02,2.790914604063504112e-01,5.236387987217786533e-01,8.198035456739149324e-03,0.000000000000000000e+00,6.318557030620604031e-01,3.879516972234235972e-01,0.000000000000000000e+00,8.203939819310278603e-01,7.449486666668841961e-02,6.827590035299434534e-01,0.000000000000000000e+00,0.000000000000000000e+00,6.538678463703915568e-03,0.000000000000000000e+00,0.000000000000000000e+00,1.657590423712713701e-01,7.787206754750450322e-02,6.563352612228089411e-01,1.770173195745283756e-02,2.544640320084366469e-01,1.060665220234288553e+00,4.440477344276324428e-02,2.970014412184605445e-03,0.000000000000000000e+00,6.540594547368781819e-02,9.660398005428566179e-03,2.811784002916670744e-01,1.472320843612470398e+00,0.000000000000000000e+00,6.780640672485412912e-01,8.765654653117745942e-01
7.824114676298921447e-03,7.398505911017254355e-02,3.669879524131416937e-01,9.117425305289902360e-01,9.543873047806757937e-01,0.000000000000000000e+00,3.951578844843842836e-02,9.457515843523850441e-02,8.497002125059451849e-01,6.502219564638139770e-01,1.292300688367048755e-01,7.970377784400742294e-02,1.078409742000746400e-02,8.716225161226570477e-04,0.000000000000000000e+00,2.432013823261500729e-01,4.518643960394053138e-02,3.326411214638431285e-02,1.134090500466142376e-01,4.273784061428725217e-02,2.042458016916891619e-02,4.115103894029325388e-02,5.036903311829129537e-01,2.336799324597110539e-01,6.322933015019793768e-02,0.000000000000000000e+00,0.000000000000000000e+00,1.745078483197342115e-02,9.737415784198595603e-02,1.875481129554516235e-01,8.551892312116156358e-02,6.102252198998373706e-02,4.827853002180885339e-02,0.000000000000000000e+00,0.000000000000000000e+00,1.711510614083681589e-02,1.817227216947222557e-01,1.594682479709527978e-01,2.755168076090115312e-02,5.574596951687682544e-02,0.000000000000000000e+00,4.920080473773285473e-02,3.276427940287788831e-01,1.317486992213305341e-01,9.998878584050782670e-03,5.146964707288965712e-01,0.000000000000000000e+00,9.950388329475126983e-03,2.248404289148841443e-03,4.951133741909424235e-01,8.731291412126727935e-02,0.000000000000000000e+00,4.195103803082386035e-02,5.072145292740603412e-02
2.412067737095168959e-02,3.386007906829779923e-01,1.323452000237482495e-01,1.310812970841931102e-01,3.698152346363691584e-02,7.228734491273881282e-04,1.844687086678593324e-01,9.041277152746772516e-02,0.000000000000000000e+00,1.271771941198439893e-01,4.841965462839533524e-02,1.107508173860343587e-01,7.993383117541817962e-01,3.341815220803339564e-02,8.870704238723660373e-02,7.205536268728011950e-02,8.283745824518920498e-02,9.001370191640227503e-02,4.141553748175225841e-02,5.460888993680802078e-02,1.170160030861656514e-01,0.000000000000000000e+00,2.662032934762886827e-02,2.085393386747987632e-01,4.167634627068609460e-02,8.112348656703158301e-02,3.722357798896632625e-02,7.720640204326688349e-02,2.809567413626347376e-02,1.090816468194610867e-01,1.437849718968983448e-01,7.205563233722586669e-02,4.081837611359018930e-02,8.388907987025068583e-03,4.646490487742029746e-02,2.790151511740318613e-02,2.494189660525459803e-02,6.296203787846900435e-02,4.066839895180691250e-02,1.612404064178000682e-02,4.532424395999468808e-02,1.218802782304480720e-01,1.013731761567020911e-01,1.342964376490437539e-01,2.892496029290647988e-02,0.000000000000000000e+00,6.413359956501621384e-03,8.722188585044761411e-03,4.215015633919561022e-02,3.025632487505754420e-01,3.500944573186309111e-02,9.896384613831861465e-02,2.520495017875264490e-02,3.267348437092745111e-02
1.993599749134140203e-02,7.303741582475718752e-02,1.658140825940330743e-01,3.171962723342613283e-02,1.425132193981656081e-01,5.133890564502049600e-03,9.559822320340242985e-02,6.144511940785219589e-02,6.069837318890737403e-03,4.176170323667494771e-02,8.247652222839958747e-02,1.529357789827876235e-01,8.476475309107717182e-01,3.179177522837290867e-03,6.142597815207251344e-02,6.471815653507924371e-02,4.131668849051702876e-03,2.418225150026205306e-01,9.624554542164591442e-02,4.479807263931911976e-01,8.862369568892901339e-02,0.000000000000000000e+00,2.440729683912502487e-02,1.749359237065929440e-01,2.162742465035393316e-02,4.609528512416673496e-01,0.000000000000000000e+00,2.187405927345390313e-02,5.635311005891097819e-02,2.965872697966784668e-02,1.049642753216597085e-01,1.036603225066328043e-01,6.620269069791433203e-02,0.000000000000000000e+00,1.177849928244459722e-03,6.379315452993707114e-02,9.893257003773714333e-04,3.656715608849483989e-02,7.476309490229589294e-02,4.368094689507769773e-02,1.217920157335501512e-02,2.462576546689801762e-02,1.217276279907449493e-01,3.289851068916969101e-01,7.398069028516328360e-03,0.000000000000000000e+00,0.000000000000000000e+00,1.000629667759794957e-02,5.534524768516665971e-02,3.475538235845698765e-01,4.476106256229532045e-03,9.353277433804786656e-02,1.301303639095310605e-01,3.555008865798450421e-03
0.000000000000000000e+00,3.442461746802945588e-01,1.710904987749778672e-01,5.026132442040234100e-02,2.510647253242770036e-02,3.667525692044951852e-02,0.000000000000000000e+00,1.248440417858609902e-01,8.681591164004424932e-02,1.116721560526654278e+00,2.055414678091594949e-01,7.500884324263126790e-02,1.251969329802365971e-01,5.008327333273241561e-02,0.000000000000000000e+00,2.019329865813032088e-01,1.029607025867088944e-02,7.200316845528662024e-02,1.096667339320561152e-01,1.685750681786404026e-01,4.465944966153013312e-02,5.551649366855013895e-02,1.138660600972269364e-02,4.449929222951966995e-02,3.297797228573681044e-02,9.777676763487137823e-02,8.535848369053099238e-02,3.221154863066256341e-02,4.158069542423855486e-02,3.552547867390338371e-02,3.812795384662264614e-02,1.104843373500250109e-01,4.501124708563954829e-02,0.000000000000000000e+00,4.597952057862886993e-02,1.307174150326931468e-02,3.206908337350317106e-02,1.186641907889977171e-02,2.828230507843183528e-01,5.651549269597425096e-02,1.510492184381529790e-03,1.848009557503953182e-02,1.647777467392018691e-01,1.173570385800343230e-01,5.715259143650533620e-03,4.129074304001826429e-02,1.473730735633372035e-01,7.257184395187621199e-03,3.351298505081385954e-03,6.204769036653753345e-01,9.404282872611999938e-03,2.808856516661456526e-02,1.520870713174887756e-02,1.934154494207304675e-02
5.369953016063627738e-02,1.446836056867034093e-01,8.910919687476736017e-01,2.902858508154642844e-02,9.349793614615009574e-01,6.611089616656583290e-02,5.256418151619259710e-02,6.708591430858952542e-02,4.750166239065099494e-01,1.017257549482422752e+00,8.933307674114954189e-02,2.823953087140116391e-01,2.333318593843821953e-01,1.058381543828049859e-02,3.422979024960430550e-02,4.912971163857902668e-01,8.196457633659666453e-02,7.609044282259934400e-02,3.186145267548056159e-01,4.535904772436155836e-04,0.000000000000000000e+00,0.000000000000000000e+00,8.324220436862837802e-02,3.777619172336643127e-01,3.521550592051416601e-02,4.081684070155619515e-03,0.000000000000000000e+00,5.703702450009171150e-03,1.789444872606630321e-01,2.839726021093946437e-02,3.529401700982891937e-02,2.130827021759892081e-01,6.282585002703085231e-02,0.000000000000000000e+00,0.000000000000000000e+00,2.570641573633602670e-02,0.000000000000000000e+00,1.809953783205531588e-02,9.073261453062358983e-02,1.293190067270031385e-01,1.518789151499081065e-02,4.399136712115144648e-02,6.740998873437590300e-01,1.768986095301684214e-01,2.767147607664139849e-02,1.031621008774076254e-01,0.000000000000000000e+00,1.512051227746635937e-03,3.374406483902414600e-02,5.729239942341763925e-01,1.899233395785223655e-01,2.766496311208593416e-03,2.313079343482668873e-02,1.296102786659374118e-02
7.347854519795474042e-03,3.732102258196103722e-02,5.856075163977889075e-02,6.603274939590100256e-01,0.000000000000000000e+00,1.086491094145145692e-02,1.567431458254085752e-01,1.092149253454618441e+00,8.814654367657025480e-01,0.000000000000000000e+00,1.698740565185269738e-02,3.047951393867615044e-01,1.906536343390834512e-02,5.460560825678295593e-02,2.194695737584460848e-02,1.565861488122398948e-01,1.288026979413484929e-01,4.130910195867929652e-02,2.050994263878202217e-01,4.311888950213488021e-04,1.492636973303703395e-02,8.256971828032191527e-03,4.431293492304054504e-03,2.957978802982040925e-02,3.389562532385804756e-03,5.408729268268253759e-02,3.067943170291795862e-01,6.640900575972105008e-03,1.005888334687943114e-01,4.527493453057044870e-01,4.355110469876163903e-02,2.065587880405377053e-02,6.624406822036081610e-02,0.000000000000000000e+00,2.534804216917324691e-03,0.000000000000000000e+00,0.000000000000000000e+00,8.183219927995001308e-01,0.000000000000000000e+00,2.138809181433701245e-02,4.078326635085513518e-02,1.249802199984938467e-01,5.670746518628745347e-01,8.195341158427879580e-02,0.000000000000000000e+00,5.711041026123154785e-01,0.000000000000000000e+00,1.531601808669334208e-01,1.044106987744057753e-02,5.533712916065111065e-01,1.190624405337235708e-01,3.303605202547708463e-03,0.000000000000000000e+00,0.000000000000000000e+00
6.234363574776289468e-02,5.311018873648328670e-02,1.256290411732789158e-01,2.541055574689737862e-02,1.583954774320739667e-01,1.743838817170288366e-02,2.188330941452067135e-01,5.729252287613714745e-02,2.946954790287991885e-02,7.609765434220593094e-02,1.183202403512553791e-02,1.439278997868287946e-01,5.382627202212989653e-02,4.868791725016472643e-02,2.805721400483041431e-02,5.285540952198625880e-02,5.692553865113106348e-02,1.948979991063294614e-02,9.859519987596893076e-02,2.331126323978166201e-02,2.623958634247321522e-02,4.068369391981882521e-02,4.351402724925246962e-02,1.421814231350146673e-01,1.512953189516839762e-02,0.000000000000000000e+00,3.580856189765034558e-02,5.204983953902569960e-02,5.838407881753502476e-02,3.519325183209351393e-02,2.508999230744646605e-02,6.837953491464462963e-02,6.290772576173371544e-02,0.000000000000000000e+00,1.088674630021778562e-02,3.332053608171070547e-03,0.000000000000000000e+00,2.508157667783961209e-02,2.103843817714690090e-02,4.659113117756267380e-02,0.000000000000000000e+00,1.483185064456763458e-01,1.684116782753820596e-01,9.130144582980040738e-03,3.867912066118695674e-02,2.912775399519918276e-02,6.769599398904042019e-04,4.229432180562031629e-02,6.319075400754688154e-02,8.002393496185403188e-02,1.252540336457150412e-02,4.268559206185479349e-02,3.729265757689512878e-02,5.615003069183336498e-02
4.366937468132104511e-02,3.860962391793751336e-01,4.059254398976732681e-01,4.783621499710746794e-01,8.153847621560929293e-02,5.413282419803147616e-02,4.386218127278609380e-01,2.493396456296765595e-01,4.985007293249177351e-01,1.115881578728947360e-01,2.178175413932301741e-01,2.599008411483795800e-01,3.392058203928182691e-01,2.312181655859323059e-02,7.402182019254475998e-02,3.254713780644474252e-01,2.621698557960809861e-01,1.647018473777539238e-01,2.566800405395468498e-01,2.702118314360268947e-02,1.296813829345527802e-01,4.267616465037028968e-03,9.108780978629486824e-03,6.568622840781283001e-01,3.821368574578285632e-02,9.377489704862711217e-02,3.407526659621826770e-01,3.246584360640498296e-02,2.101535439729783350e-01,1.714791187896555213e-01,8.169051522840553581e-02,1.577397204505576467e-01,6.188649837591892605e-02,0.000000000000000000e+00,2.826506048093379089e-02,0.000000000000000000e+00,3.430191243429322242e-03,5.190197529670405041e-01,5.641714869648645908e-02,7.915878165189378646e-02,6.767685981827548103e-02,3.480292568233723377e-02,6.757339746726277463e-01,2.889579040186388004e-01,9.274204663567468809e-02,1.956078059892369103e-01,0.000000000000000000e+00,1.020539598809457882e-01,1.249401292483792864e-01,6.427021177367403526e-01,1.264853771311202635e-01,3.772747060683492165e-02,0.000000000000000000e+00,7.915525283446139468e-03
2.506727381473934993e-02,6.373003841222198151e-02,1.273195220415066220e-01,8.253383389390578362e-02,1.985813933692147926e-01,4.137345359870683165e-02,6.405424984852384207e-02,9.540623221598615311e-02,1.583963611400750421e-03,1.742081398268538819e-02,1.566310782739499252e-01,8.690971499593035110e-02,2.419594751848017089e-02,2.758091210914873082e-02,0.000000000000000000e+00,1.140420554776323953e-01,2.110743172708354556e-02,8.022463600671563000e-02,4.630795503581339179e-02,1.702577107275508317e-01,5.216349720416284946e-02,0.000000000000000000e+00,2.514765303169270716e-01,2.656607057960062857e-02,2.473764509598052330e-01,8.584689100460023148e-02,5.105697091197136661e-02,1.079047787153783605e-01,8.316263306207105632e-03,2.474869514664784428e-02,1.078147295390021326e-01,1.081079144811473158e-01,7.267758947880657849e-02,1.514901637279760654e-02,8.944100943246088842e-03,2.350264817658696478e-02,4.953131786413743527e-03,3.954259062485305370e-02,1.306520418259848049e-01,5.222944089146593916e-01,1.564331539377167984e-02,2.500277566137536558e-02,2.710805686092397290e-02,9.162871374731391960e-02,1.965276458464323278e-02,1.055771191144345283e-02,0.000000000000000000e+00,1.292972140734905719e-02,4.674991342666975219e-02,8.620203998964953707e-02,0.000000000000000000e+00,1.821321509112408879e-02,1.534629231956211870e-01,7.886103783526443589e-03
1.735663676908471897e+00,9.973700894295035868e-02,1.308461825477843787e-01,2.458250582662329861e-02,3.798922191855151342e-01,1.834272038027633459e-02,4.831525943789117261e-01,3.231305934104145711e-02,0.000000000000000000e+00,1.167338432019868755e-01,1.787076554411545504e-01,2.313109588975871544e-01,1.787186213100519505e-02,9.332844348095915843e-02,0.000000000000000000e+00,2.298989048216769637e-01,3.124385369885556915e-02,1.142727599615067785e-01,1.747416806111083964e-01,1.181388245518216057e-01,8.982353579658257370e-02,7.943473360317638080e-03,0.000000000000000000e+00,6.160936650054074093e-01,6.639565978316466777e-02,1.427857386200910572e-01,5.566660592646908295e-03,1.295105692183886825e+00,2.153798165059027381e-01,0.000000000000000000e+00,8.408769158486567585e-03,6.871592189530991747e-03,3.221647049737310087e-01,0.000000000000000000e+00,0.000000000000000000e+00,2.652743888874231626e-02,0.000000000000000000e+00,4.800684014563661589e-02,3.612363195072116340e-01,0.000000000000000000e+00,6.209465596660921349e-01,5.314816560262206058e-02,3.327857350369692324e-01,2.283378327911906036e-01,2.468703212426531790e-02,0.000000000000000000e+00,0.000000000000000000e+00,2.592751337798279276e-03,5.920190510315179733e-01,2.833922161239927351e-01,1.164052729019700999e-01,9.841899563693651265e-02,0.000000000000000000e+00,1.913818760103357802e-02
2.830112591245435936e-03,2.023983253492676535e-02,1.726678122337102161e+00,9.438609284789617471e-01,1.537171409608165951e-01,3.799810861147372432e-01,2.208692298442418711e-01,8.091457426583953394e-02,8.900594965029111627e-01,9.134270895997945727e-01,8.573081518288412639e-02,2.433554337245946719e-01,1.124125391121643114e-01,9.736384682901038506e-03,9.767638683594187521e-01,3.617810575038658549e-01,1.904338485217685062e-01,4.557516264291202462e-02,2.381768218061548759e-01,5.902605954214980993e-02,3.922022764715321630e-02,6.814928216579106690e-02,0.000000000000000000e+00,4.654407742589320995e-01,1.411499074144317856e-02,2.209904354367407328e-02,6.608369414988744805e-02,3.067362048093187979e-03,3.665894272647485935e-02,1.739352537372672661e-02,8.746818465070031745e-02,6.530120543707929048e-02,3.325863503642097208e-02,0.000000000000000000e+00,1.926140207414415301e-03,7.301814556502157771e-02,6.000926442407544803e-01,1.234841890543669600e-02,5.033768150160705668e-02,5.706885636564001246e-02,1.101879305724069594e-03,0.000000000000000000e+00,9.666989867318885876e-01,3.318772294347375751e-01,1.944106606909830892e-01,4.571945328185926805e-01,0.000000000000000000e+00,6.424980617629182100e-02,5.115174780331065499e-03,5.085807285099570585e-01,5.141230045837637957e-02,7.967401447815552692e-03,2.081839435030103172e-02,1.068205969518787324e-02
2.339376331142432319e-01,7.809968848502256422e-02,3.243212448528342562e-01,8.340004211210257923e-01,4.685129928861542781e-01,2.723681005756598342e-02,4.021201021371380580e-01,1.533211149374841438e-02,1.200297890598621235e-02,0.000000000000000000e+00,0.000000000000000000e+00,1.581726749896132656e-01,4.801190352703513936e-02,3.365180501479227426e-01,4.303562481689741648e-01,1.567737335028188406e-01,1.053107233719516866e-01,9.419023365395155778e-02,8.434546706340549649e-02,4.348424995119518077e-01,1.820068735972269966e-02,0.000000000000000000e+00,5.016436089558220374e-02,5.544433015781445873e-01,4.680226643752635057e-02,5.759375877739595362e-01,2.025843326602981467e-03,2.365082380467846759e-02,1.531975465490077737e-01,3.692123724407259718e-03,3.127622188265722358e-01,2.653281797986958845e-02,5.071076952417985506e-02,5.265272742107959258e-01,6.922421586485137945e-01,2.653477403778643773e-02,0.000000000000000000e+00,3.464431411854720227e-02,1.619648158640778213e-01,0.000000000000000000e+00,2.746373818289238322e-02,3.931273644977919396e-02,5.895340954572519249e-02,5.477724052471270033e-01,1.016724620937133200e-01,6.679950517136319481e-03,0.000000000000000000e+00,4.203433838887660895e-02,1.155251077932573506e-01,1.410898480551448231e-01,2.233546352226727094e-01,6.620563577854989001e-03,3.070498403661630071e-01,2.696965300612746627e-02
5.560355857671372970e-02,5.673915812851625107e-02,6.509271756144557886e-02,1.948810765196036868e-02,1.932025444824399946e-02,2.696170942535774245e-02,6.974636152736088390e-02,3.840934159381995117e-02,1.618577261325983979e-02,5.547795685968424928e-02,2.969265833339170143e-04,1.012738258964880206e-01,2.731374673621517896e-02,3.801958257599086233e-02,6.761173746314662336e-02,1.463229569755745627e-02,3.108977757790671106e-02,6.713157235155362001e-02,7.636990887064151919e-03,5.598448976106594477e-02,5.444133093766228421e-02,7.352800081837378501e-03,2.022757906476365525e-02,1.108233468478090622e-01,2.422453297511682410e-02,2.933700960964231649e-02,3.920346785557540098e-02,3.585845427762562876e-02,5.312169025481444651e-02,3.076982182138435912e-02,4.199879854204449647e-02,2.404205480626897193e-02,3.214424797383991922e-02,7.872047692188199192e-03,1.855803005155387542e-02,4.717050909449850560e-02,2.682114109680680536e-02,1.964244538590059763e-02,1.226747201630476805e-02,4.641421125883110968e-03,2.163179370571438956e-02,7.493818194581863823e-02,9.525265054951521926e-02,3.132970646221655553e-02,2.727373346909379298e-02,2.850881361663266250e-02,5.186425154646063032e-03,0.000000000000000000e+00,2.103645576080629201e-02,5.610832600528208036e-02,3.819047142700183334e-02,8.261107292231584243e-02,3.569272923441225293e-02,4.593208137680538511e-02
1.588030411975834347e-02,1.938971712193696240e+00,5.033446026700272302e-01,6.407077053304673780e-03,6.252385031687074900e-03,1.027842918540959431e-02,1.878146107692306721e-01,2.464535509058353446e-02,0.000000000000000000e+00,5.067379871542171399e-01,1.198986867965122327e+00,2.124724394569751096e-01,5.925233404483020161e-01,1.055009493434646561e-01,2.384383247969995220e-02,5.671570036810641424e-02,5.241109801002807878e-02,6.113974857366728521e-01,1.728880034493738005e-01,8.893513176286310662e-01,7.161372800464445298e-02,7.629592578585094043e-04,1.549600504344024465e-01,1.715224841147754420e-01,1.930399892490214375e-01,5.225695974803033078e-02,0.000000000000000000e+00,0.000000000000000000e+00,1.790529869657408180e-01,1.195466243790442411e-02,7.091054889036120246e-01,8.174315350286058546e-02,2.654881900779973436e-01,0.000000000000000000e+00,0.000000000000000000e+00,0.000000000000000000e+00,0.000000000000000000e+00,2.101477182612382279e-03,0.000000000000000000e+00,3.569865863169681755e-03,1.329568496884714736e-03,1.382601079221254803e-01,3.450897324905339847e-01,1.321237854673789902e-01,7.747256790057434513e-03,0.000000000000000000e+00,0.000000000000000000e+00,2.113895806958032350e-02,9.528463260665688507e-04,3.861814829743047128e-01,6.058461629219894506e-01,1.031921313068942636e+00,2.007923061064547376e-01,0.000000000000000000e+00
4.624384665043868026e-02,8.260267745553455387e-02,2.384675855496655172e-01,1.099616230728174271e+00,1.099278813195150167e-01,1.389611348431569471e-01,1.341901498917512925e-01,1.366007501980971706e-01,8.287014091201917916e-05,7.087940561961432462e-02,1.544199807585521500e-01,1.249695708446709741e+00,0.000000000000000000e+00,2.779379263411002263e-02,2.262569538256696544e-01,6.919014698188873380e-01,5.417161208226219798e-02,4.436760137606263893e-02,2.710965914307512103e-01,1.291287932024344220e-01,6.824238490477693708e-02,0.000000000000000000e+00,6.594674671282524381e-01,1.902335367536037436e-01,1.373632659732025030e-01,2.273301144693676626e-02,6.877636887271226795e-02,3.787821705060930716e-02,8.469726570190831694e-02,3.564455686629682679e-02,3.286807477290369928e-01,1.085260802216240217e+00,3.417025020542363567e-03,1.452783109226521430e-02,3.126452605412815416e-02,3.464183130568317028e-03,2.237179394050732312e-03,7.060218730658956998e-02,2.237729464169862792e-01,1.933574672582410170e-01,2.346167197705519014e-02,6.328278481777593889e-02,3.317319177613110015e-01,1.556827277242357199e-01,1.449796870619188965e-02,0.000000000000000000e+00,0.000000000000000000e+00,5.105037778440810192e-02,7.942363834584804938e-03,1.770323384259129551e-01,8.758436491850492278e-02,9.112790149848237070e-03,1.908366316212771474e-01,5.220647878875703252e-03
3.063418033178733416e-02,1.023679483775471466e-01,1.473981563587523080e-01,0.000000000000000000e+00,1.796101954252093125e-01,3.094592003246362036e-02,6.607986086393842495e-02,4.586910773157684001e-02,1.390546729207875754e-01,1.072851723390085832e-01,8.855465229942364180e-01,2.427909185714120233e-01,1.478172747990341533e-02,5.003711426259605834e-03,3.268226471860350563e-02,1.297243530942146783e-01,3.626629416701242659e-03,2.452046184388953221e-01,9.419384074401633555e-02,1.144895498717927174e+00,7.370993657263229248e-02,4.674888959508574637e-01,9.271941782185742775e-02,2.616093425960127061e-01,2.059365150274116152e-01,9.836649519547763579e-03,8.327807279270229776e-03,8.107828776947330340e-02,9.742733047098191268e-02,7.459255062933965903e-03,3.001507681878304301e-01,8.476217425874056632e-02,1.540591330579696161e-01,0.000000000000000000e+00,0.000000000000000000e+00,3.112734365073340989e-02,1.400860854914976784e-02,2.935401962007966672e-02,2.242835857895161822e-02,4.221537568873567903e-02,6.473096850968244886e-02,4.707321259066332003e-02,2.705661021639820252e-01,2.031186765952790879e-02,1.410983308638390915e-02,1.283585649271842127e-02,0.000000000000000000e+00,5.567746407484044924e-02,1.434655782069768071e-01,1.613758553499082538e-01,2.669599068255037455e-01,7.126730722176635169e-01,5.532921225541067439e-02,7.862301020114625602e-03
2.284106714322221756e-03,3.332243737700049113e-01,1.697486744344780807e-01,3.069474298165438264e-01,5.671247060542111175e-03,6.054922184769104959e-02,7.817110236587376804e-02,5.650873936451051432e-02,1.131859307018489719e-01,8.367926900686527281e-02,7.883162313408891009e-02,2.753533943635183556e-02,1.064751827624064312e-01,2.198398621273080222e-02,0.000000000000000000e+00,9.964006222820935565e-02,1.800521523601399457e-02,4.382411335808197861e-02,8.972618299466694758e-02,7.699402987556426547e-02,3.398949903693760950e-03,4.075798323991348948e-02,0.000000000000000000e+00,1.537488222189587195e-01,0.000000000000000000e+00,1.862007401444402618e-02,0.000000000000000000e+00,0.000000000000000000e+00,1.913562059785081301e-02,0.000000000000000000e+00,1.492186167904591652e-03,1.055440811743601076e-01,1.061141537825960150e-02,2.551407240958555086e-03,1.061619645020704140e-02,8.534966663161815126e-03,1.281502851257807808e-02,1.466664165776492695e-02,1.989183230434279359e-01,7.144003068662067857e-02,2.149928805894703657e-02,0.000000000000000000e+00,1.526512379485958915e-01,2.059566208636205362e-02,2.810524407926766333e-02,3.287338179639788180e-03,2.143333350951466543e-01,4.033100343580986978e-03,0.000000000000000000e+00,6.009939220578725677e-02,4.585858409427045340e-02,1.067178110364930439e-02,7.886084935389173906e-03,2.201828891252572470e-03
0.000000000000000000e+00,2.783188962396913602e-01,9.150092476022702037e-01,8.475493480016663694e-01,1.058398929438907565e+00,1.400750208091155191e-01,1.617767245529927012e+00,3.455034614139698007e-02,8.576324039197961990e-02,2.653982231675451331e-01,7.990520200748006951e-01,7.375367996005426086e-02,4.461600401420408590e-01,0.000000000000000000e+00,0.000000000000000000e+00,2.983419306510085023e-01,7.705973442751071767e-01,9.692357232038427695e-01,7.120182399108219984e-02,7.198876159091082139e-01,1.390108104185245219e+00,0.000000000000000000e+00,5.762699747464236077e-01,9.387893834025312634e-01,7.353890480479234881e-01,6.829699536427539380e-03,0.000000000000000000e+00,1.444275853759729869e-03,2.153151871924934568e-01,0.000000000000000000e+00,1.068791056926363447e+00,5.373464383772413866e-02,5.137163285949374325e-01,0.000000000000000000e+00,0.000000000000000000e+00,0.000000000000000000e+00,0.000000000000000000e+00,3.271519080788822670e-02,6.320503916789500798e-02,0.000000000000000000e+00,0.000000000000000000e+00,3.049363006920917107e-01,3.180862461203570191e-01,9.069003508688550097e-01,2.787576737312251196e-01,0.000000000000000000e+00,0.000000000000000000e+00,0.000000000000000000e+00,3.859663786122733472e-03,4.209037178159648618e-01,1.244172704065853230e+00,2.864726339479776729e-01,4.979564791053321948e-01,5.060461550940820175e-02
1.087964420255487126e-02,1.380868245994159582e-01,5.917874879932021326e-01,8.614781409583109617e-02,1.591346419117365185e+00,7.376122561356006357e-02,6.143957445334194967e-01,9.039026182129640541e-02,4.509432309097889946e-01,9.478807515428263608e-01,1.536792499174266524e-01,1.583674221611560406e-01,1.121678861613660677e-01,0.000000000000000000e+00,1.857475892581782499e-03,3.070173094926761936e-01,2.712382877446049556e-01,1.294618048232122620e-01,7.098341331175385405e-02,9.010383364503039838e-02,1.757302365599936744e-01,0.000000000000000000e+00,7.199116792686401922e-01,8.391160829629802365e-01,1.920356163049312948e-01,4.096890599102043207e-04,0.000000000000000000e+00,2.993310342061329329e-02,1.730552071352163546e-01,2.034322928986747811e-02,4.550043920195126490e-01,8.878441121543284575e-02,1.611959977126671828e-01,0.000000000000000000e+00,0.000000000000000000e+00,7.489449460075756071e-02,1.810131405722041967e-02,7.680911212183703929e-02,3.505884963699519574e-02,2.460793352453729058e-02,0.000000000000000000e+00,1.317269965894405509e-03,4.062434162353655842e-01,1.963466101337731917e-01,1.703878029925990356e-01,2.412117573745571342e-01,0.000000000000000000e+00,3.605948948954983916e-03,2.797232371400393824e-01,6.074239355377589744e-01,3.001846804867774332e-01,0.000000000000000000e+00,1.212727444657778070e-01,1.018642303578854921e-03
6.775855452231362153e-02,6.586565516568047840e-02,9.233073479685606488e-02,1.508417207129402193e-01,4.667645269580090669e-03,2.981769608755951984e-02,9.127198552285382960e-02,9.023993058514334642e-02,5.418029643619297168e-03,4.444528572273340195e-02,6.231792475186953562e-02,2.031963334219032413e-01,5.887046682930571068e-02,6.374465787567783204e-02,2.668202168834780952e-02,6.005282425410431862e-02,6.066418259235025617e-02,6.503081969223040160e-02,6.455131832101108913e-02,1.790807741111035689e-01,6.459803840037535265e-03,1.924488256198654892e-02,1.826827277812917080e-02,2.050890664699478103e-02,6.658496777629289987e-02,7.634602520670669135e-02,5.072376080561256245e-02,1.189582152530354736e-01,7.279379739235478097e-02,5.418244704434579256e-02,5.332720309583170726e-03,3.949522133025069187e-02,8.464736281377820137e-02,4.328987797461187649e-03,7.002115752251351910e-02,0.000000000000000000e+00,2.748971997366980724e-01,6.983753723155429471e-02,3.046858495555449593e-04,4.647364985542654786e-02,2.541343898990222963e-02,9.093171560259392938e-02,8.205256746231563703e-02,7.036877870261809553e-02,7.198140671265122921e-04,0.000000000000000000e+00,0.000000000000000000e+00,3.403033767743490756e-01,2.525657392975862170e-02,4.955131080874747990e-02,1.166010303816734234e-02,6.233677439593277025e-02,2.064215020807632153e-02,9.056629861738106288e-03
1.138477919013041184e-01,3.672550461353701889e-02,2.622021168438612437e-01,0.000000000000000000e+00,1.399983354127737056e-01,1.305587270636000136e-02,9.807735215809723073e-01,7.122020245982289832e-02,9.729770656214048810e-03,2.877015620943765631e-02,3.287616951638300949e-02,4.149598051907798513e-01,5.343498912083907877e-03,0.000000000000000000e+00,7.420964672293231534e-02,3.797555177667921167e-01,2.779907548651148752e-01,1.674059900794430122e-01,3.631068402626286828e-01,6.124004142800318351e-02,4.098250180382501107e-01,6.871237410379489596e-03,1.275256503959014964e-01,9.310552662993961670e-01,2.535942570288697850e-01,2.443800203337959109e-02,8.347325024726086340e-02,1.322031780474724159e-02,1.671601638018481439e-01,5.382360290455847490e-02,3.485339255673658987e-01,2.543680251948701176e-01,9.876306187242160639e-02,2.595279137769150504e-03,0.000000000000000000e+00,0.000000000000000000e+00,0.000000000000000000e+00,4.521921973658126620e-02,4.431820860598792433e-01,5.038092813801592351e-01,1.772924625749574060e-04,1.493651447788618865e-02,2.952027224193611299e-01,4.346764792612146239e-02,2.682758337512777813e-01,0.000000000000000000e+00,0.000000000000000000e+00,5.579338617372397308e-02,4.500047810171184381e-02,1.173036085679223378e-01,2.521788863608171449e-01,1.879361387780805609e-02,8.154993490513605392e-02,3.434247401902230327e-03
1.255895897965561862e-03,7.856425472228116200e-03,2.034319304451702448e-02,3.138907631457835135e-02,2.108272779557475440e-02,5.603509825113505566e-02,2.125166523230978266e-01,9.149777727128384497e-02,1.877901464223261790e-02,6.532715609195687001e-02,1.743405075138206375e-02,1.031093543407431840e-01,3.696231642919119847e-02,2.715923685222839182e-02,7.469653118379018797e-02,1.960876160079790334e-02,5.800522896585608721e-04,3.924066708108128743e-02,1.422648145977937519e-02,9.300019467360261249e-02,2.246865712656000158e-02,4.747948546866335301e-02,6.765054003111588277e-02,2.385526854497924468e-02,1.141680747797133195e-02,1.713627556598009208e-02,5.229334882824245717e-02,5.508507835499063671e-02,1.223620736320534495e-02,2.543571975045438860e-02,1.636076757680737445e-02,2.593936750549579937e-02,5.617321342017392305e-02,3.899479576662085584e-02,2.306160250308083529e-03,4.625413938289227311e-02,2.392281964918962708e-02,7.921896622991390913e-02,4.850821851847164634e-02,1.017515315167362260e-02,2.516380586831134039e-02,2.633166414837671485e-02,5.223309423849192834e-02,1.382784030891546535e-02,2.797261549935166694e-02,2.486004752465451051e-02,0.000000000000000000e+00,1.210839289846676360e-02,4.719822470630254639e-03,2.572470728274439677e-02,9.108599913821973162e-03,1.635472108241196876e-01,4.471687300441377216e-02,6.915458302296661856e-03
7.301920531399410663e-01,2.044883072641867638e-01,9.685761362089451154e-01,1.281936575790474153e+00,2.274577963506093925e-01,3.967101968714361604e-01,1.236923584442326113e-01,8.907851495377759610e-02,2.901171172836092271e-01,4.963492939217684086e-01,1.932140018092397271e-01,7.528856509112374917e-01,3.625114619098863261e-02,0.000000000000000000e+00,1.435683235803961066e+00,8.663045889911730191e-01,1.784066812725108031e-01,6.037068056845170533e-02,2.502487626369709894e-01,9.490030875932846388e-02,7.506533885309367438e-02,1.344785363333330513e-02,0.000000000000000000e+00,2.244709649762980097e-01,4.104726274019079163e-02,8.457902277058720886e-02,9.461832593069162411e-02,1.092047229817686566e-02,1.180365022046831469e-01,8.281759150127276578e-03,2.737854058820815215e-02,1.315229496221997640e-01,4.978944200312681451e-02,0.000000000000000000e+00,9.583426044965698276e-02,6.634186209627460605e-03,1.198825370280580394e-02,7.104079834648725778e-02,2.449405170491131545e-01,4.377100840250423147e-02,2.011008739721960661e-02,8.075308998073164879e-02,6.056014245582824751e-01,2.363575328540248044e-01,3.705838006350164332e-02,3.191429620183585444e-03,0.000000000000000000e+00,0.000000000000000000e+00,3.232538114908126842e-02,3.758499850527249886e-01,2.225152787324189904e-02,3.231804267691050503e-02,1.139993548008739060e-01,1.847000227421182264e-02
0.000000000000000000e+00,1.074288975404172203e-01,1.478987799452336771e-01,1.335909840786854152e+00,9.679181983836762301e-03,8.467053856048244870e-03,6.618376661073123446e-02,5.292032973781907179e-01,4.050754093645588250e-01,2.649296498314737680e-02,1.804068492452740868e-01,3.843685212913370286e-01,3.867011139687637211e-02,3.758715212218361607e-02,6.889607202442755984e-02,1.719594726396672935e-01,1.329957544653442569e-01,6.214851043600602698e-02,1.145406572119439526e-01,9.023748498016236075e-02,1.065148268893705980e-01,0.000000000000000000e+00,3.648925104391463614e-02,1.674330187911609036e-01,3.630404108019671255e-02,3.199603085916630230e-02,8.019040038044268348e-01,1.007851271697399187e-01,2.963403315631468748e-02,6.346940326535852051e-02,0.000000000000000000e+00,6.503222407491318635e-02,4.715115428192948738e-02,8.779903461292186721e-05,1.143986630119714874e-02,1.592562824847093550e-02,1.034798404726500719e-02,1.080301336703320264e-01,3.834532187630185565e-03,4.001693016207779480e-02,1.606871232528457039e-01,1.128106988831537733e-01,2.586942255613074448e-01,1.680922336922673344e-01,2.131084197507361697e-03,2.169809565703623988e-01,0.000000000000000000e+00,5.263590743577618164e-02,5.399976743852074679e-04,1.309767632167339324e-01,3.876303406153911585e-02,7.590296301032219140e-02,2.120697337906892257e-02,0.000000000000000000e+00
0.000000000000000000e+00,6.260365424944998314e-02,1.517947943224565444e-01,2.106489895702375135e-03,1.705598619908253177e-01,1.505659280474075934e-01,7.836416817164271187e-01,9.555817568235201384e-03,3.412337720860005863e-01,8.259181113969623622e-01,2.961427595063458040e-02,1.300395403518774806e-01,9.607413436954209685e-02,0.000000000000000000e+00,0.000000000000000000e+00,1.249361180253631270e-01,1.775213024010715568e-01,5.743434944689433941e-01,6.158240848571387011e-02,5.049102297361328651e-01,5.278963929869357613e-02,2.247037618386820423e-01,5.655274957261223756e-01,4.702845077361408332e-01,8.686994673136166911e-01,7.942553987620824818e-02,0.000000000000000000e+00,0.000000000000000000e+00,1.558962539976102846e-01,2.262213314566008555e-03,1.422406403582868073e+00,3.861048382426938291e-02,3.958661448734475674e-01,0.000000000000000000e+00,0.000000000000000000e+00,8.164029002946558700e-02,9.218730223319006323e-02,9.026163510362963938e-03,1.656126477728226964e-01,6.356279173628057166e-02,0.000000000000000000e+00,7.987235278694089502e-02,1.525505828992693713e-01,1.327618922990380756e+00,1.225088753498346228e-01,1.842199931798198242e-01,0.000000000000000000e+00,6.066011974679075269e-02,1.081900705731911327e-02,5.300783883308098909e-01,6.197450351447795214e-01,0.000000000000000000e+00,5.769255329160193346e-01,0.000000000000000000e+00
1.181942907396441554e-02,1.562170583869394891e+00,2.426711907646172950e-01,1.176507246957760877e+00,3.431644763189702907e-01,0.000000000000000000e+00,1.883884139064838370e-01,1.005329269218304261e-01,2.346623849412080021e-02,1.191003260431239830e-01,1.064383919814684970e-01,2.850692639816284069e-01,9.027534426040433324e-01,0.000000000000000000e+00,1.446675170694473045e-01,3.317998628095940039e-01,6.667599732414172808e-02,1.206769922084100083e-01,1.858836557263833511e-01,1.544677274303159209e-01,4.031940602076306696e-02,0.000000000000000000e+00,4.912778827215493610e-02,5.407805339504717645e-01,6.668509880994667738e-02,1.534964528178368592e-01,7.240850933641704811e-03,6.836076358256572283e-02,9.488426408436505255e-02,7.392205351656089274e-02,1.787012831034918703e-01,7.462478850473158731e-01,6.519974126336754161e-02,0.000000000000000000e+00,2.010581779084048490e-02,1.547907996148012964e-02,0.000000000000000000e+00,1.881932480358687945e-02,0.000000000000000000e+00,8.056059235126777907e-02,3.095570716554716176e-02,0.000000000000000000e+00,2.300523276381080950e-01,3.454978809940010276e-01,1.793426624952801016e-02,0.000000000000000000e+00,0.000000000000000000e+00,9.046138222103478413e-03,5.322158298938339804e-01,7.233511412235458238e-01,7.055254466508183164e-02,5.329265447349622320e-03,6.770602716193070691e-02,6.016711585260719336e-03
4.453918980973962244e-02,2.284767621179299990e-01,4.800297987681333978e-01,9.284935123565128956e-01,1.997808508783380788e-01,1.478483338290550175e-01,3.146481620903331944e-01,4.106607784358241170e-02,1.244627270912741085e-01,6.531288393481918808e-01,7.017662137944399858e-02,5.615279965676430729e-01,1.644764195017411057e-01,2.504011852901861027e-02,6.159613188939008221e-01,6.640904029009790932e-01,9.127623903778418757e-02,5.125846584566228631e-02,2.092960113687448442e-01,1.045568921899949627e-01,5.920574265901349525e-02,0.000000000000000000e+00,1.093663518645738610e-02,5.460366665882944170e-01,3.182939920620150073e-03,8.054143253500724298e-02,0.000000000000000000e+00,2.917697443161388141e-02,1.843749904310224563e-01,1.320851936890001833e-02,1.335763000174339798e-01,1.065599512210757688e-01,5.238470431854819198e-02,0.000000000000000000e+00,5.259139220139794069e-02,2.999618271184892673e-02,6.066542176555707842e-03,8.117281141670683320e-02,6.119811557270875974e-02,1.158737923230727940e-02,2.838404564680438794e-02,4.523558977747916404e-02,4.159994245391168133e-01,6.224853533042998266e-02,3.231743201227397361e-02,3.490979089838295440e-02,0.000000000000000000e+00,3.974209523311268699e-03,5.230847572761019304e-01,2.823847284981464978e-01,7.363106740389754878e-02,2.315156194060868575e-02,7.489192627807600422e-02,7.011566400288370138e-02
0.000000000000000000e+00,1.761438028885014273e-01,2.776497115586304409e-01,1.374019263703864846e+00,3.726760700453723291e-02,2.296905243228924975e-01,3.072547717340369522e-02,4.350115119397441471e-02,1.641343216044312825e-01,1.022536903641089845e+00,1.325012761467616318e-01,2.707156668536680466e-01,5.472151758542292271e-02,1.826882437167324721e-02,3.737469212033044386e-01,6.249757688529480326e-01,3.733857040022952462e-02,4.491815171114716537e-02,1.359079268520635431e-01,4.191884099872494884e-02,3.642712461621238490e-02,0.000000000000000000e+00,1.788554165150637795e-02,1.974744495179271142e-01,2.886488272163854549e-02,2.196519056122858693e-02,1.657735330201330973e-02,0.000000000000000000e+00,2.729222047278727012e-02,1.867436595774085370e-02,3.875640621546616593e-02,6.809249631218139420e-02,3.306944357444970700e-02,0.000000000000000000e+00,4.737678502877565485e-03,2.400174478929209803e-03,4.756383681785349427e-01,0.000000000000000000e+00,6.526300957644305678e-02,5.788243271228152298e-02,3.574739126381439730e-02,3.554827043773374235e-03,1.619097735841094898e-01,1.533484661396340987e-01,3.688014801717057201e-03,5.688119843825115152e-02,4.673529747801635770e-02,5.446359559520406318e-02,1.106667153355936351e-01,5.192328782144347565e-01,8.370129669774647660e-03,2.811645294275081069e-03,1.061787759401073422e-02,8.013254495802826782e-03
1.536629399469675028e-01,9.470053030992094112e-02,1.164092873230111458e-01,1.525797203896788468e-01,1.306303702852566362e+00,1.329084757569436170e-01,5.667917794252889108e-01,5.151221236819700927e-02,3.885528308920722235e-02,1.489800385343254263e-01,9.685828154553438249e-03,6.262984469200895410e-02,4.079246238414780540e-02,0.000000000000000000e+00,1.936149514124923046e-02,3.462513595870270744e-01,1.454023105091857282e-01,4.745647089882724240e-02,2.750106469096186279e-02,1.863455376292021126e-01,2.949370593837888355e-01,0.000000000000000000e+00,6.548076212956548403e-01,6.215552139053540648e-01,2.800589689660180626e-01,0.000000000000000000e+00,4.877926007043353190e-03,0.000000000000000000e+00,7.228383110302004366e-02,0.000000000000000000e+00,6.080290739050984161e-01,6.660742671405294303e-04,9.740943245426138264e-02,4.058309769866540705e-03,3.438793680637250872e-03,8.409112574441814092e-02,8.620205507820012311e-03,2.786418060058823420e-02,2.417337213824040723e-02,7.128888327126014536e-03,0.000000000000000000e+00,0.000000000000000000e+00,9.706136036156796931e-03,7.741124792209016538e-03,1.663245510081670098e-01,6.383511747075344689e-02,0.000000000000000000e+00,4.156252045279371088e-02,3.165942029158224647e-01,1.235354479242727205e-01,1.118987331122131973e-01,0.000000000000000000e+00,3.332815482687832009e-01,3.566191929422416872e-03
3.493004469868984246e-02,3.407335324281150490e-01,5.569799339611247735e-01,2.692964006022574575e-01,1.823525053955452335e-01,2.394242885413885580e-01,3.660264431159297449e-01,4.068206630273844132e-02,4.892957755443525514e-01,4.518250715674365647e-01,5.447564449993261282e-02,4.047533062914856483e-01,2.279571289482559548e-01,0.000000000000000000e+00,0.000000000000000000e+00,7.632254048284329295e-01,6.380911504747588392e-02,3.015892975309984736e-03,2.331504953501044586e-01,8.114235591348681331e-02,3.143516535765545489e-03,1.374530338753682072e-02,8.503313502504461496e-01,3.139127579937608936e-01,1.711066699903160959e-01,0.000000000000000000e+00,2.699070282940045640e-02,0.000000000000000000e+00,1.237890851002755449e-01,2.310831904217325317e-01,3.515066307519498778e-01,1.138133679146420968e-01,1.137287012168227730e-02,0.000000000000000000e+00,5.471802187476785401e-03,0.000000000000000000e+00,5.634441763119875900e-03,1.647742819429274252e-01,1.070055673947634990e-02,9.476125034429287719e-02,0.000000000000000000e+00,1.162378382635090163e-01,4.079990438287286469e-01,6.328384054750968435e-02,9.905003879085134966e-02,8.248771420446927849e-02,0.000000000000000000e+00,8.958118868670844614e-02,1.589282074242122922e-01,7.395772902871403653e-01,2.778985081210126884e-01,0.000000000000000000e+00,1.470608352515902773e-01,0.000000000000000000e+00
3.076551044264688728e-02,9.159636690194507269e-02,1.269415395141021141e-01,4.525065250843404024e-02,1.090692936817334591e-01,3.214612302409072114e-02,1.046561672050653896e-01,1.048915132096408520e-01,1.582457369903256467e-03,1.970016745150916446e-02,1.104024749314273107e-01,6.788089776524304508e-02,1.917448381308781841e-02,1.108909475929782500e-03,1.176528469662558446e-02,2.978499124590713518e-02,4.136829975213578842e-02,1.109550508234633387e-01,2.523748737923756438e-02,2.234491026184506346e-01,3.326630348113022301e-02,3.433624082401155742e-02,4.838986628360885528e-02,2.482905360077111434e-01,7.943598786328780192e-02,9.583409649241453332e-02,5.022461675898160643e-02,7.992044756559142649e-02,0.000000000000000000e+00,4.978612522080575614e-02,1.138774105850055701e-01,5.307824345263819493e-02,6.274688486179152112e-03,1.153534900861203499e-02,1.449524261538755882e-02,1.217340703881000970e-02,1.357275755928097176e-02,8.961873513557240545e-02,3.310814964841338193e-01,3.057514482488758473e-03,3.425916037712976869e-02,0.000000000000000000e+00,7.752331871862487567e-02,4.998550564252937645e-02,4.861716050255426858e-02,0.000000000000000000e+00,0.000000000000000000e+00,1.321942457693998235e-02,1.921813812952005429e-01,9.063559459432750376e-02,7.630730803722945467e-03,6.282240040369957423e-02,6.801035063990044927e-02,4.236451776689707099e-02
6.251379937874185222e-01,3.142865319295892745e-02,9.459204917496579282e-03,1.235848810182063717e+00,3.525064032292666294e-01,3.743117234507525176e-02,4.785870043077910391e-02,1.236941088544366149e-03,4.263935314225528184e-02,0.000000000000000000e+00,5.606122236691588046e-03,4.047453371331333205e-02,7.240461912543696976e-03,1.137493565099515935e+00,5.409451885947286209e-01,2.146301117677216208e-01,1.451497344897997692e-02,6.748933663425413926e-03,0.000000000000000000e+00,1.136376596910426001e-01,5.402154437489254399e-04,3.271978664367247019e-03,3.346633341800278605e-02,6.478847487744425482e-02,6.529633342273427621e-02,8.594203740722295261e-04,2.118879395344573993e-02,7.209819475512527914e-03,8.726455292084199511e-02,0.000000000000000000e+00,2.720611552820846324e-01,0.000000000000000000e+00,0.000000000000000000e+00,4.656554124620291835e-01,1.077575338680927253e+00,1.028909931304999642e-03,0.000000000000000000e+00,2.020441300099043783e-02,2.333333547329468072e-01,0.000000000000000000e+00,3.230648755455255844e-02,0.000000000000000000e+00,0.000000000000000000e+00,1.246063841239404731e-02,0.000000000000000000e+00,7.078468258977631267e-02,0.000000000000000000e+00,1.990981332976117166e-02,8.481311855101066055e-02,4.117363520284392925e-02,9.407544176239192313e-02,6.030059381190898231e-03,3.144037353008165975e-02,5.040813515751862116e-03
5.979534366252525768e-02,1.005606157583053134e-01,7.716177335004589799e-02,3.445014821636431801e-01,9.372095697478559362e-02,5.931869617915042081e-02,2.135675555595336339e-01,4.970646527193774838e-02,5.809102801662660576e-02,5.282345042747110808e-02,8.010124433729315027e-03,1.943648376598610880e-02,4.849701590354243974e-02,2.245303064964268222e-02,4.854480152782214009e-01,2.201741667367055622e-01,1.981452481125165269e-02,3.507147912915464100e-02,4.892476331809317985e-02,2.511194837133232105e-02,1.902567057635878855e-02,3.328738550894929510e-02,5.119258135549544647e-02,4.088025163708069454e-01,5.959306867147075998e-02,2.660482017077782022e-02,1.033961067912172495e-02,2.159774660715717807e-04,1.348437089704477426e-02,2.095821454186041696e-02,1.131609130332753566e-01,2.296026347097027132e-02,1.509534707197666449e-02,3.457308040826246112e-03,0.000000000000000000e+00,2.295444185744811849e-02,1.921926690782685410e-02,2.464468450212905018e-02,9.730977168299761255e-05,1.798069761711913392e-02,1.368257159046045585e-02,0.000000000000000000e+00,7.583977997658487846e-02,0.000000000000000000e+00,1.169908714716843129e-01,2.503994932566841469e-02,3.064809129991874839e-03,4.057722506448459970e-02,3.051709686387027998e-01,1.200698764901601545e-01,5.822283674426927819e-02,3.410094491889355955e-02,3.079673490210884865e-02,1.127199422160045893e-02
2.708071735470611932e-02,7.475210334539902912e-02,5.950244246008461885e-02,6.860723965159398752e-02,9.626605674307364691e-02,2.040784137013368013e-02,3.325014127241636419e-02,9.472596262054067129e-02,1.913264177953086925e-02,3.239576581068766975e-02,1.893501278517122077e-01,3.116809543524959124e-05,4.717472056833040689e-02,6.804019200144510726e-02,0.000000000000000000e+00,1.764098695591363730e-02,7.027589329243094651e-02,8.189516252454030754e-02,3.114993627586722449e-02,1.124630641778654322e-01,4.650521844118387510e-02,5.441305207084363299e-02,2.010724568358689471e-02,1.011727653962809642e-01,7.466757087213166111e-02,8.536762169379018272e-02,7.440773196479495699e-02,5.639407534390442761e-02,6.633338720809819726e-03,3.636382228370930308e-02,5.240698743413067101e-02,4.817757351892466323e-03,0.000000000000000000e+00,3.692386790946480812e-02,6.391331398667832175e-02,4.938494706223759551e-02,4.628334675021036210e-02,7.272910409504927676e-02,4.641218070798260736e-02,2.895022124410737141e-02,0.000000000000000000e+00,0.000000000000000000e+00,3.560510727359655209e-02,9.269281233806132836e-02,4.479184588826661678e-02,2.111805085516829661e-02,7.903946132310957565e-03,4.248889583689505201e-02,3.672957747602448308e-02,2.304392384799129959e-02,4.516760399578375468e-02,5.202923411392329500e-02,2.671970033888736162e-02,8.251291918916372689e-03
4.457948280096338950e-02,5.462491630960922967e-02,8.681565134731646927e-01,8.957507957026500378e-01,1.594990911931019051e+00,0.000000000000000000e+00,3.617910229398943467e-01,4.165457876441412688e-02,8.233878359002569924e-01,1.204604412487547238e+00,1.520401882959817874e-01,2.658071560582794812e-01,6.516609180862910078e-01,0.000000000000000000e+00,0.000000000000000000e+00,1.438704450362030263e-01,2.239067125367027178e-01,9.638984687988745581e-02,4.387809437192587841e-02,1.364715657031247975e-01,1.205078541376424089e-01,0.000000000000000000e+00,5.308424918456481345e-01,7.051541200202023907e-01,8.171462030585897873e-02,9.996084710826918726e-03,0.000000000000000000e+00,2.114888466903279765e-02,2.070629173352467323e-01,1.090061981964841470e-01,2.238313098510550658e-01,2.444358767347054248e-02,8.667777352031673377e-02,0.000000000000000000e+00,0.000000000000000000e+00,1.228771730977089027e-01,2.850146311546815636e-01,1.187160305685769773e-01,1.273207956769646480e-02,5.516183017924957549e-03,0.000000000000000000e+00,6.276130277066936658e-02,6.774515809372774200e-01,2.147747999056341950e-01,1.486757866108891768e-01,3.095974840122374117e-01,0.000000000000000000e+00,0.000000000000000000e+00,1.337530764980568720e-01,5.481823255360395164e-01,2.019121118127476799e-01,0.000000000000000000e+00,3.364531449670583874e-02,4.732273376751972016e-02
3.180023252377189164e-02,5.309890923585508515e-02,1.057817817098559952e-02,5.601330082345476469e-02,3.346940369031973367e-02,1.124585038534227886e-02,5.458182844718121630e-03,1.144857430778000312e-01,2.298396910330006634e-02,5.917091144082043536e-02,5.019536031927102071e-02,1.173518422462986772e-02,1.270245212367346853e-02,6.628323915301874425e-02,3.307160043982238645e-02,4.232764551532198355e-02,1.247835234366263986e-02,8.620575729299663481e-02,1.327907643710423725e-02,1.294442611114730302e-01,3.314632602504986175e-02,1.370765589342071156e-02,1.726345335642808995e-02,5.244380224834021414e-02,7.053798168542053937e-02,5.774019319627108487e-02,6.969901285175676697e-02,5.805298615443240523e-02,0.000000000000000000e+00,1.417045234906572082e-02,3.996886647088943728e-02,1.003453982294233611e-02,2.485804616057004160e-02,1.094898927717783375e-02,7.955826537668070700e-03,1.057584929718968607e-02,4.461655297778441276e-02,5.501796929640064698e-02,0.000000000000000000e+00,5.245501855528331148e-02,7.506150883149736996e-03,1.069116063612674493e-02,3.936600536588481802e-02,3.589805341771686031e-02,2.104327979032188933e-02,7.563085899191583639e-02,2.179463227204526867e-03,1.754558302094671313e-02,3.279531933381617682e-03,5.027674090787662142e-02,1.748228294426693030e-02,2.599665249981576720e-02,3.348368372594422854e-02,1.512808231363955806e-02
6.863055634371630909e-01,1.952013409459669724e-01,1.975413409492508821e-01,8.371073508178397127e-01,6.565315680586254754e-02,1.048820521745163908e-01,7.069109613246378487e-02,2.279580782972249198e-01,8.476733893321959992e-03,8.876408318218559357e-02,2.749980955562615348e-01,7.216159860279686145e-02,3.535360572539458096e-02,2.025694786906796427e-02,7.911512649967254729e-02,2.152693364335017401e-01,7.132625204703019195e-02,1.598960785248979000e-01,6.765100959706726869e-02,2.029808163956857425e-01,8.838126301408005814e-02,8.313960269877048240e-03,2.146361830834147416e-03,2.848399625713093353e-01,9.015593770301782994e-02,9.606083912552439152e-02,1.283960455545946899e-01,1.278271907767264404e-01,4.301553362285285599e-03,6.699378968123510802e-02,9.413461560183662702e-02,7.025916599356128722e-02,9.672825731414951000e-02,5.098214698070348272e-03,1.359890789521990551e-01,3.518858874460481512e-02,3.831162641365850469e-02,8.919008149852118705e-02,1.853260017380256031e-01,7.868873588015206158e-03,5.460140287086171634e-02,1.736925347222904523e-02,1.528886000122674227e-01,2.271399141977115954e-01,4.133975628346375775e-02,8.234236427292816393e-03,1.908612728738411438e-02,9.261164008154538357e-03,5.308394063663735007e-02,1.871957813101668699e-01,2.776641975587058539e-02,5.816551458232999128e-02,4.220848439728525775e-02,4.532704487278667316e-03
2.396168775692270568e-03,2.663244210433164394e-01,2.045414841673598438e-01,6.783092277743381360e-02,1.460484651752782526e+00,0.000000000000000000e+00,2.888235619092232032e-01,9.209547807172681344e-02,2.703260379912006406e-01,4.903907272265649042e-01,1.925380834506762173e-01,1.275778501793177755e-01,9.638673008712087542e-01,0.000000000000000000e+00,0.000000000000000000e+00,1.282422535292448706e-01,7.325565923609876628e-02,1.436153860086465950e-01,1.113531576212739710e-01,3.567842394501507530e-01,7.689541101049067462e-02,0.000000000000000000e+00,6.010005225853226607e-01,5.684996348633206686e-01,2.218470506897529670e-01,2.488947222398291137e-02,1.865896516611173853e-02,0.000000000000000000e+00,2.318125837912815568e-02,9.695911175914957714e-03,2.653818850993272527e-01,9.432102381280647874e-02,6.663209031757113231e-03,0.000000000000000000e+00,0.000000000000000000e+00,1.010098103828222099e-01,5.726334139799251627e-02,6.886583228443078630e-02,8.052238348316914651e-02,1.467298061200798115e-02,0.000000000000000000e+00,0.000000000000000000e+00,3.442516196837091536e-01,3.202002023933490094e-01,2.097420416560016321e-01,7.995890753959505881e-02,0.000000000000000000e+00,5.578909282294914479e-02,1.536746723937897074e-01,5.586868581529794708e-01,5.787455037086086662e-02,0.000000000000000000e+00,1.373734568006224621e-01,2.441194911365948336e-02
1.448435231525201095e-01,7.289810946751572596e-01,1.115234374670976414e-01,6.715481938842089715e-02,1.579351487968187195e-01,1.661836965246432131e-03,8.135057031445362685e-02,3.202242126490609936e-02,0.000000000000000000e+00,2.528975234788776241e-02,2.095723275609280220e-02,1.336891699718590232e+00,6.524170566378555136e-02,5.983129094454009943e-03,0.000000000000000000e+00,1.576703575728480577e-01,4.051066418574972988e-02,7.881979540319932198e-01,3.694455616244970986e-01,4.447126310784468295e-01,5.332235379915722939e-01,7.577531740330025779e-03,1.875965294556867710e-02,1.279760147969080109e-01,3.229893012706570032e-01,9.272157262597849892e-01,9.710924327280200455e-03,3.870849731267163030e-01,1.350347131683546642e-01,5.821745659488166552e-02,9.907697616131986296e-01,1.007788659276860899e-01,6.367956729264958593e-01,0.000000000000000000e+00,1.300131107800517050e-01,2.203541149806070648e-04,0.000000000000000000e+00,4.295402015373515625e-01,4.822604049979912350e-02,9.019744931332415380e-03,4.534675992502217728e-02,6.794622308141399225e-01,3.958865174798558706e-01,1.365401706445141805e+00,0.000000000000000000e+00,0.000000000000000000e+00,0.000000000000000000e+00,3.467455490238921523e-01,1.410032402432152138e-02,1.485244927640424206e-01,7.824475731111691923e-01,5.716382158225982724e-02,6.858297259040070371e-01,1.351524559494294564e-01
