3.637010558200986510e-01,4.790205555444953522e-01,2.413492790404078436e-01,1.206056306502436247e-02,1.226345292166366036e-01,0.000000000000000000e+00,1.483250517231353253e-02,8.985497503693317123e-01,2.246148672924219714e-02,1.959487987390957364e-01,7.299054885890141064e-02,1.515101421858099963e-02,4.796854879809027139e-01,0.000000000000000000e+00,1.362452867733503215e-01,6.808705787223147399e-02,2.027349589573200772e-01,5.288658758712760227e-02,1.904029060671350304e-01,1.206977999520454786e-01,2.281646904588607513e-02,2.536009999230797243e-02,9.747690136063774657e-02,2.436388163612899227e-01,8.244079738711534988e-02,1.181591838759719947e-03,2.425174219808501341e-01,1.617179577561436987e-01,2.363537636042080115e-01,8.031981945723670746e-02,4.451350521982046921e-02,8.781252666455541256e-02,0.000000000000000000e+00,1.971112369111426878e-03,2.779825355154376745e-02,5.576646596177350229e-02,2.355071250306342567e-02,4.322691567914838801e-02,1.398333070090176655e-01,2.119552862528735204e-01,4.488392706289642820e-02,8.498479468611090659e-02,8.353544797896661489e-02,0.000000000000000000e+00,8.667119785223441342e-02,2.223458178630780338e-02,9.299177850417454649e-02,1.846671311641664148e-01,2.316322091085764312e-01,1.573786128780672311e-01,9.360076164277213173e-02,2.041746353299773442e-01,1.297111945399098965e-01,3.092888663085397241e-02,1.482649702811641990e-02,2.511108272298328559e-01,2.855913738704127791e-01,0.000000000000000000e+00,5.310727889707379107e-02,5.884613918877461963e-02,8.914606712096456720e-02,2.189745976939423411e-01,1.246977771091588166e-01
1.733228662859764152e-02,4.961785001203844470e-02,2.096952640884141017e-01,7.668039811047431230e-03,2.279905026429776549e-02,9.188073655612415125e-02,6.194821383533423431e-03,1.637409033894077215e-02,6.250673008241663942e-02,2.777122723771355620e-02,2.790292726466895787e-02,1.294491850079093967e-03,3.378729683431262037e-02,7.952137243562980295e-02,2.503024692609108807e-04,2.868102563211438749e-02,2.140665347117083617e-02,2.345118156951351077e-02,2.067529258788026666e-02,6.452719563394179736e-02,2.001216360159433980e-02,1.471669222684690755e-02,2.077210593742486941e-02,2.902833999984127944e-02,1.657130193682811864e-02,1.030247930439122210e-02,5.919894878918374043e-02,1.327989063721156555e-02,4.267880717061568047e-02,1.196702289516868821e-02,4.619288767598248718e-02,2.190188686691008427e-02,1.597972958311639699e-02,1.476544752314544635e-02,9.971041037340002550e-03,4.837772050003414509e-02,1.960124573414445334e-02,1.007140530332227973e-01,1.593898558174914881e-01,4.852237562800561926e-02,9.101613909471275785e-03,3.015697758171850471e-02,1.742748117320098641e-02,1.148544041559284266e-02,7.457053033492232370e-03,0.000000000000000000e+00,9.436027334326043889e-03,4.990404846500046815e-02,3.293801240055798524e-02,1.188713156486068644e-02,0.000000000000000000e+00,4.610617285973893885e-03,7.157304301317575501e-02,5.079859892219054651e-02,1.225160868889652900e-02,5.453358711673585851e-02,5.948202881345267951e-02,1.012405360194374021e-01,2.657534729056251765e-02,3.115246801031923071e-02,9.691272504530445975e-03,3.995046875938684100e-02,1.785564036346268604e-02
1.661713089609811178e-01,1.709849828512042258e-01,1.558142485525212950e-01,2.387513827243629896e-03,5.616281828708972329e-02,1.318537167313441364e-03,3.079686241319503845e-02,8.223323238802941748e-02,7.615634737237735041e-02,5.496211998273483473e-02,6.425715094628436680e-05,2.145769904287595300e-02,1.187249616520515416e-01,1.821560586318251435e-02,2.653514505079454435e-03,8.085460919406912972e-02,1.326325210563249896e-02,4.446831077965212459e-02,9.314692673148533553e-02,3.544098558344995625e-02,2.929121119727389963e-02,5.363893233989621735e-03,5.629190199706798209e-02,2.561085529796425318e-03,5.026562990478758430e-02,2.537657074588907380e-02,5.465532697912258570e-02,3.795569118058489400e-02,5.700723839440652307e-02,7.205020600906443529e-02,5.905273152776516210e-02,3.242017791724392806e-02,2.368872213883161867e-02,4.109651875227179202e-02,1.048933383068786050e-02,4.456683848216321658e-02,8.927632108441745096e-02,4.418187585723212102e-02,1.224818675455505157e-01,8.131838233188083687e-02,2.393796239364085268e-02,6.002204990692994180e-02,9.438571822869694372e-02,8.269205856311667366e-03,3.111927267372187680e-02,3.824430639517063801e-02,4.207662246412138124e-02,6.211295201117584402e-02,2.607792816129701416e-02,6.637929323234693924e-02,1.039860430707928579e-01,6.286311522255985662e-02,1.399707159289644530e-02,1.228157274752431499e-01,4.980950933903422612e-02,2.109512321254169986e-02,4.579706217559493392e-02,1.131121830612786816e-01,2.167176190413685685e-02,3.002275704708004880e-02,2.587943248781360284e-02,1.121942710907987001e-01,4.040091301334673701e-02
6.196482446518766229e-01,3.149745458119839747e-01,0.000000000000000000e+00,6.137041648771005692e-02,1.201167016681875394e-01,1.646652432243518871e-01,4.414829491316547144e-02,6.635582298579513205e-01,6.567641351648445536e-03,2.119827801181005389e-01,2.307165785275347158e-01,4.194837171309274276e-02,2.951248032366826091e-01,0.000000000000000000e+00,1.919655527491501493e-02,2.954020818564067619e-01,9.618908757457940439e-02,1.799612662392459025e-02,5.937147812820554593e-01,3.235022495906942908e-01,2.592761593486970703e-02,6.605549339922818508e-02,1.579784536479000023e-01,8.527067650731604822e-04,2.189934238278854264e-02,0.000000000000000000e+00,3.184137656493355450e-01,1.503397221434564779e-01,3.546895358309851837e-02,1.283644598599062159e-01,1.176603907277415234e-01,1.755557731188202688e-03,1.962292610306112968e-03,9.368873996986466779e-02,6.747665718958281711e-03,8.654894887215479338e-02,1.114874605592167667e-01,6.352996234232956285e-02,0.000000000000000000e+00,2.219711462608122687e-01,1.812411632074811645e-03,5.428736044721768628e-02,1.374235675658772027e-01,4.377958460825609466e-02,6.415207213228708849e-02,1.833602187101647909e-03,1.318757838021895612e-01,1.142545998527489531e-01,5.508729300679567585e-03,1.141749439062734045e-01,1.503805454660616658e-01,2.449684113418503228e-01,1.510968468844446633e-01,0.000000000000000000e+00,1.347705042114592799e-01,3.906650805777711621e-01,1.457913945925495003e-01,1.183514820600116424e-02,7.947318752899272531e-02,1.478733633240722316e-02,2.243545578014752295e-02,3.054843651383887804e-01,9.147657053914866332e-02
7.808091171151184673e-01,5.372860672268267024e-01,1.359524823752224221e-01,0.000000000000000000e+00,1.086183409793985838e-01,8.549493689218538861e-02,5.998486605098418689e-02,1.656335580324182211e-01,8.574204817180075544e-03,8.738339596047055291e-02,2.071453024856172442e-01,1.683045877250128816e-02,4.588900786816864641e-01,0.000000000000000000e+00,1.487384873353118746e-02,1.558304792001106720e-01,6.624807588616898890e-01,1.331472763391683689e-01,4.296772721885515622e-01,2.218141271184315422e-01,1.755286311124586857e-02,1.097547681024974464e+00,5.341129528820046796e-02,3.419642997523399813e-02,1.103578261427888146e-01,0.000000000000000000e+00,2.704290237845464184e-01,6.959406979917491520e-02,3.870636188219273022e-02,1.478078480281957430e-01,1.634095891622515742e-02,3.063433886513953000e-02,1.524307891191854780e-02,1.950381219426437218e-01,2.344459336103953684e-01,2.819538847252474056e-01,1.547035526548359297e-01,1.143348203619900944e-01,3.614193264419494900e-02,3.969043687633799222e-01,1.481021105786836378e-01,7.862284478590407522e-02,5.161130673068856783e-02,8.765401996152595229e-03,3.077444816313481754e-02,2.673117836617436641e-02,5.712136786041943637e-02,1.998341265678995615e-01,7.621481183104025260e-03,3.439676341636447882e-03,1.629568198931784784e-01,1.094359543821995101e-01,1.360244934489788504e-01,0.000000000000000000e+00,1.113727669889412186e-01,1.935929348353525314e-01,2.697459608874632972e-02,0.000000000000000000e+00,2.945425648460829257e-02,1.076486218162977654e-01,3.180601327914034816e-03,3.311598281925987042e-01,2.989658169442590066e-02
1.464450094251672496e+00,1.228108434974517715e+00,3.114323348145618398e-01,2.333246133915245490e-01,1.535600635631701738e-01,0.000000000000000000e+00,4.462744661265327650e-01,5.801063640959166490e-01,4.160559205320268905e-03,2.267008203280013456e-01,4.553561386720969550e-01,2.768723228029300321e-02,8.679876584034135201e-01,0.000000000000000000e+00,2.846182701167096485e-02,4.397785952923520258e-01,8.051747733422899289e-01,3.460013376824842002e-01,6.918170525430035189e-01,2.765501605625184101e-01,3.518936941115865386e-02,8.237132542163124738e-01,1.580416347899874785e-01,0.000000000000000000e+00,2.442899089743685304e-01,8.590540499662679963e-02,4.628050500460716421e-01,1.271353527948294593e-01,2.133599270694465366e-02,2.335724991597486477e-01,1.503951854443712766e-01,7.570187254698125534e-02,0.000000000000000000e+00,5.949961175674696179e-01,2.643450864751313856e-01,7.995850955025162188e-01,1.092578970535525995e-01,2.748787415187319838e-01,1.302442939970988589e-01,6.550854226727000906e-01,1.924830584532490618e-01,2.363816447032156542e-01,3.892763200474787522e-01,8.540604803197055991e-03,1.806842053930536249e-02,2.020499933218877775e-01,9.020872722304097702e-02,3.579357393838617507e-01,5.915060652724703043e-03,6.467502602723880327e-03,2.435878475362919238e-01,3.660253459500233397e-01,1.986994040615408796e-01,0.000000000000000000e+00,1.754929157505291937e-01,4.067922801013852396e-01,1.242644136464096799e-01,0.000000000000000000e+00,0.000000000000000000e+00,6.497910966164799351e-01,0.000000000000000000e+00,7.583283862624230487e-01,1.226765796081491916e-01
9.025489995134955423e-02,1.703916505162989259e-01,7.779003390498716308e-02,2.078498619854756216e-02,7.981339500060453951e-02,0.000000000000000000e+00,3.853493730652837040e-02,1.154156199275336164e-01,4.018287280395963119e-03,1.092890777903673255e-01,7.984427254971383781e-02,1.993931626559882105e-03,6.942467535302700166e-02,1.072871927597549013e-02,4.416243075413271019e-02,7.892123974273841658e-02,3.684310122185143616e-02,7.061606331366422802e-03,9.786296334001552688e-02,3.878611004690751818e-02,0.000000000000000000e+00,2.277073934295487448e-02,2.500630149258708038e-02,3.896206903468407007e-02,1.915582699399022773e-02,1.672098989434746275e-02,7.336385905637791971e-02,1.071849281305182339e-01,2.036564590232685379e-02,2.108596089663991938e-02,4.949876965759666958e-02,1.962059373621552472e-02,3.657963651446777958e-02,0.000000000000000000e+00,2.171787851636980751e-02,2.426955132661834380e-02,3.352802358789618714e-02,1.845232374421089047e-02,9.639917696575052430e-02,4.903439788380387770e-02,4.104179140251957431e-02,8.644957963342577573e-03,1.865956578896172183e-02,2.792337062325678243e-02,4.901100613559664781e-02,5.182014536049339010e-02,5.139586462740711875e-02,1.620870470970731114e-02,0.000000000000000000e+00,1.213119177934997815e-02,4.045709550841387198e-02,1.356623854659964046e-01,8.641616694403786436e-02,8.411004205134227016e-03,1.439162815400542479e-02,7.080956065918897480e-02,7.407068182118003996e-02,4.117341927810563157e-02,4.539164785287237019e-02,5.537862486847899834e-02,1.770703702756401890e-02,1.199679475489862090e-01,1.644522788784448519e-02
7.700005011140119704e-01,9.286615100422462854e-01,1.128513944070489994e-01,5.376915839890293869e-01,3.800444302409024255e-02,2.344095484863347248e-02,3.578068010182051673e-01,2.693422135352389613e-01,6.670563923274007608e-03,1.169989919101862702e-01,6.242504403778951355e-02,3.507931739910716273e-02,2.724031682055619852e-01,0.000000000000000000e+00,2.918241176646358959e-01,2.109913176913874311e-01,3.179089316262885823e-01,5.564459767190994138e-02,3.446278400876585657e-01,2.564156745017573402e-01,0.000000000000000000e+00,1.201231520527814428e-02,1.736143042685721893e-01,3.294633766247429540e-01,2.672977639227832047e-01,8.372717420930581023e-02,2.335182133559306206e-01,8.717931906378617590e-02,6.986569301601025517e-02,1.055345426809902315e-01,2.957472742776706080e-03,2.910544372890558340e-02,1.488534559486863473e-01,2.827336184502137750e-01,0.000000000000000000e+00,3.645447366761289110e-01,2.863794581066919989e-02,8.691748393030862552e-02,4.612523562557258039e-02,3.460977674505290036e-01,2.770415104352562108e-01,8.616606191759750011e-02,1.668271185142720103e-01,2.483468826070877322e-01,0.000000000000000000e+00,9.461701216586551957e-03,2.029775276976258057e-03,3.056780592920453898e-01,0.000000000000000000e+00,7.271246513866950166e-03,1.994084069564674155e-01,2.182478543041258268e-01,4.859592920248859832e-02,0.000000000000000000e+00,8.959756094311781272e-02,3.384109246298110940e-01,2.173743972864684848e-01,0.000000000000000000e+00,2.527055633825187378e-04,6.281171049825982067e-01,3.055639809228229975e-01,3.746436941512209517e-01,1.347560803039543897e-01
2.654509185894111667e-01,4.177505312623812084e-01,2.339973146209580745e-01,1.971069609957520896e-03,1.416357425919547441e-01,4.312898736961962715e-02,6.676429744881885731e-02,4.204221627282634377e-01,6.896884986804194262e-02,1.429182233466475271e-01,6.052308012882045007e-01,7.176970908243017651e-03,2.744034372752276463e-01,0.000000000000000000e+00,3.052287451913832453e-02,1.296823909894164184e-01,3.942433080954719886e-03,1.795410423880267753e-02,3.125299904029801845e-01,4.941739860736539813e-01,1.438266898249000447e-01,3.432109043153015043e-02,3.826102620426696105e-02,1.722155145489508710e-01,4.427333015056986176e-02,2.230874460631630807e-03,3.559310728776036714e-01,3.895604906406251872e-02,3.879443968934594977e-01,9.836966415084284765e-02,6.985147222737826157e-03,1.722208486462588339e-01,0.000000000000000000e+00,1.673147386351012860e-03,2.677762746388250847e-01,1.622764321475418312e-02,4.670796555926034349e-02,7.305260256847835587e-02,7.686411025423371679e-02,1.554828149369880952e-01,0.000000000000000000e+00,4.674707468564948121e-02,8.099463992349069386e-02,0.000000000000000000e+00,1.530006720358716432e-01,1.019921719756540848e-02,1.324635320260914850e-01,2.847211402730294716e-01,3.390628850463237726e-02,2.560491064943100081e-01,1.636124266012709549e-01,1.336888043241606649e-01,1.143487128412594839e-01,0.000000000000000000e+00,0.000000000000000000e+00,4.623279385306913181e-01,4.849733745417191683e-02,1.970461259457086459e-02,8.648336931587327636e-03,6.896593947860134299e-02,4.387305256067600828e-02,2.568573857821658812e-01,1.029934374769207600e-01
0.000000000000000000e+00,5.047887340448255905e-02,9.109238601598325380e-02,4.226387878844219473e-03,6.172799463852975642e-03,1.074157116462523404e-01,5.376487731422913835e-02,4.739312926047112295e-02,2.190218889915201972e-02,5.300414691245878412e-02,8.590080722866700463e-03,5.525817616900972201e-02,2.901705489303555222e-03,2.194023262091828741e-01,1.598287217977923183e-02,2.370778080215374742e-02,9.629702864240792179e-03,0.000000000000000000e+00,0.000000000000000000e+00,2.515552484572285488e-02,1.290633765444009623e-02,6.343114231785200452e-02,1.297004858379556492e-03,3.054772445910732340e-02,1.900089825370325893e-03,4.148195839439375136e-03,6.921875622573215280e-03,1.733341832808498253e-02,5.181468414766249309e-02,1.874926165468272440e-02,1.579817401922391706e-03,9.866429103988164778e-03,1.122064305324658867e-01,1.844443099507802122e-02,2.209967062225641141e-02,1.811479184837260295e-02,1.349778941055815350e-03,3.237779379116851458e-02,8.614418499206062674e-02,1.187214735777834297e-02,2.253980461277714856e-02,2.053652944712582029e-02,1.140430009340100310e-02,3.075672465079794249e-02,1.348406351712707306e-02,1.008315583016582834e-02,1.893846894099063261e-02,3.857375161589557400e-02,4.048834867908766150e-02,4.331626961965318739e-02,2.649683223963522627e-02,0.000000000000000000e+00,1.974861861970336405e-02,2.168827729122192460e-01,7.934104781090816141e-03,8.406947730125064258e-03,6.355225823029163855e-03,1.218891635619362562e-01,3.884905168202591047e-02,3.693676653991235376e-02,4.110825377567298156e-02,8.021944783076969190e-03,5.057643850458351867e-03
2.260078558980055385e-01,2.173042596768794965e-01,2.427562140785514133e-01,5.314320506888952234e-04,7.025662904634490113e-02,2.381018666126744412e-02,6.893973293138182246e-02,9.833074188502255453e-02,8.738850695290516224e-02,5.745850193658113420e-02,6.616615993411122110e-02,4.083353827441454920e-02,1.279348689819115592e-01,5.117566770645481933e-03,5.926837467001878218e-02,5.623654083026948663e-02,4.737856991016478614e-02,3.342417205083252768e-02,1.185747114377108807e-01,4.959068503881833290e-02,2.124152953122268248e-02,2.005743853339458710e-04,4.559625062005195212e-02,4.662601003323393369e-03,7.090738176818577043e-02,4.505222585602239316e-02,1.267640405485538635e-01,9.493746071938029274e-02,5.062719668741346574e-02,8.581949701087822346e-02,2.124907258736307217e-02,4.615478320397248257e-02,9.819191164496110513e-02,6.713784812368354948e-02,1.212406433533776834e-02,5.457949379863966111e-02,1.502311282804642129e-02,6.993532084918262226e-02,1.090939228665771393e-01,2.018637268763182613e-01,2.407020019221997251e-02,8.058465369640384346e-02,4.943828476489479234e-02,1.289884806661558032e-02,1.218663873941445985e-02,3.571637726308070360e-02,6.333000343772712815e-02,1.373489893912085424e-01,6.362972190878658091e-03,4.068611939540291850e-02,6.686904961249086343e-02,1.017027303706396074e-01,1.274108071844061961e-02,2.816229629907680831e-02,5.746648085041386467e-02,4.232323228330441695e-02,6.581429252421623632e-02,2.615213571442206661e-02,4.247288484615211607e-02,7.140115907021392372e-02,3.505351831959888781e-02,1.591119420235232174e-01,6.108100862817078536e-02
4.052166429134679837e-01,4.231685494978258966e-01,3.945523337102831984e-01,8.204251311223770141e-04,2.222046081634111436e-01,1.209655248475808957e-02,5.450766804385795417e-02,3.462193638799126449e-01,2.258828508843019854e-03,3.085802602185297450e-01,2.344817174220092670e-01,4.874966281377981353e-02,3.648087833717337802e-01,0.000000000000000000e+00,1.039169424535860697e-01,7.037369845925653400e-02,3.282595110561201818e-02,7.775451760831614267e-02,4.708197836001541958e-01,6.157174546282156991e-01,0.000000000000000000e+00,6.317711166516238458e-03,4.199166661402437689e-02,3.612203709341570146e-02,6.377183538510501626e-02,7.341601015237921718e-04,4.792670980145091186e-01,1.050019136107704920e-01,4.159606919190658725e-02,7.658972693886222094e-02,6.094727144806614400e-02,3.348487656648985872e-03,5.799040477822688631e-03,3.357499349587651782e-02,1.563612943552870893e-02,2.746428526754014429e-02,1.189321041568757314e-01,1.139225659742916785e-01,1.362314532470990935e-01,3.196011318182398475e-01,3.729938367235766800e-02,5.152191062115509673e-02,6.965432774509731917e-02,7.878613463964191654e-02,1.938401538519381739e-01,0.000000000000000000e+00,1.948195295165690288e-01,4.955269197383529306e-02,4.560395365829461416e-03,8.681351354040444876e-03,1.936829662955317222e-01,2.599599553367950566e-01,1.642636127949870517e-01,0.000000000000000000e+00,1.174016949496890366e-01,4.473140191545126876e-01,1.585178433692711608e-01,6.117615825554049459e-03,7.243381005409028905e-02,1.030707938742914803e-01,0.000000000000000000e+00,2.753959972819502999e-01,4.185665248526598825e-02
5.083272035907397957e-01,3.995245869578369358e-01,1.160554062258720154e-01,4.226112911414526933e-03,1.829887158193509722e-01,3.802594526672197135e-04,3.183807142405353091e-02,3.679803321172930297e-01,1.382888537108902666e-02,2.561063595482469535e-01,3.327326808994968133e-01,2.750244562780303215e-02,3.207952113176800180e-01,3.377950054072822311e-02,1.070503358319904175e-01,1.113829171656900430e-01,3.167660617613430457e-02,4.580846829097837136e-02,5.317238312794699828e-01,4.961682340601855645e-01,1.723851212861501614e-01,1.451874286307853860e-02,1.204308787358964600e-01,1.486493087785852318e-01,4.056887636501441824e-02,0.000000000000000000e+00,4.349183535944911583e-01,1.998234497982330771e-01,3.377679006829462094e-01,1.458822610601112346e-01,7.149270608416617712e-02,2.110013362373254486e-02,1.731213661361275967e-03,6.550460409012233420e-02,2.753676583779879686e-02,9.299866988426228401e-03,1.702110130111240960e-01,1.464659579734010342e-01,1.755844600415032083e-02,2.460288714923988262e-01,1.768001068169125500e-02,6.765602601816038397e-02,1.510640045655270436e-01,3.989845744115726178e-02,6.469965501668276109e-02,1.695393738855206431e-02,1.785380752000285398e-01,2.918558501459146970e-01,2.170457816831113107e-02,2.798169145007251002e-01,2.110673551912017609e-01,3.207764397087070063e-01,1.822669898747688588e-01,0.000000000000000000e+00,6.079951605216763616e-02,4.783607137394002007e-01,1.466084173954591841e-01,0.000000000000000000e+00,1.081663779328540659e-01,3.278035765865781187e-02,2.288658216883250607e-02,2.811572077184096297e-01,1.485376404950514428e-01
7.831555980747583190e-01,4.496685064026000878e-01,2.106627857676911797e-01,2.188897044514292664e-02,2.465515633497652181e-01,0.000000000000000000e+00,1.057508369140057053e-01,9.886200053904623530e-01,8.532563917856743688e-03,4.258650216693822266e-01,4.469300476540695732e-01,3.363935373271238066e-02,5.122403404881810118e-01,0.000000000000000000e+00,6.721207087582596433e-03,1.516014358210603652e-01,1.172935411196253525e-01,3.061716351154666546e-02,7.709409352968642493e-01,4.293154849975720500e-01,0.000000000000000000e+00,2.427201959771516093e-02,1.590071980517923922e-01,7.896397704285486319e-02,1.047385674469347543e-02,6.873575441501044749e-03,5.277414615436645251e-01,1.912118134791327140e-01,0.000000000000000000e+00,1.907321525427840003e-01,1.582700711167081831e-01,8.679508853454675696e-03,1.953009571294260288e-03,7.143667758033316051e-02,1.392020765144452998e-01,4.652055952144606293e-02,1.547000820936762222e-01,2.582418717402321096e-01,9.594169487972370458e-02,5.087862372343505690e-01,2.994803534565123118e-02,7.935419817262819031e-02,1.791504785397741717e-01,8.004296744574482259e-02,1.189339673211748521e-01,0.000000000000000000e+00,7.588887088209008702e-01,1.117991573026709401e-01,5.166784998878248825e-02,2.233743805687025963e-02,2.518480553089477159e-01,4.438997993385367935e-01,1.469549699564009770e-01,0.000000000000000000e+00,1.806995716200481550e-01,5.818573812195286798e-01,2.116572485430540385e-01,0.000000000000000000e+00,6.224181813732726498e-02,9.660404069239980629e-02,7.577642084197162842e-02,4.808159130099583511e-01,4.466738376404173066e-02
5.585272848005375795e-02,1.007046430109456020e-01,1.653515705405171066e-01,4.354196575130514675e-03,3.673457538232614145e-02,1.118896579619709092e-01,3.025907066009066518e-02,4.224644355663067369e-02,6.563947969139892480e-02,2.315079674189251049e-02,3.983178132079532446e-02,6.074821015764259903e-03,7.682427574404433746e-02,8.434824432840319630e-02,8.051410935510761036e-03,5.936492823564385769e-03,1.719054896145287212e-02,1.811105597783927226e-02,3.050333745771553404e-02,6.517971417103458898e-02,1.672124353792511439e-02,2.158106384090213107e-03,4.013401683735037806e-02,2.772953447999501955e-03,5.065681001168353265e-02,1.891986605298733677e-03,4.971157368822794881e-02,1.939115264948921766e-02,6.524898689977977340e-02,3.595392335564183417e-02,4.782409787418709368e-02,8.858033583399112232e-02,1.051091825489665760e-01,2.031238102907272774e-02,1.759426337726163953e-04,3.269745473843883171e-02,4.988161168879706731e-02,3.004505014038333713e-02,1.019517082816765036e-01,3.630729939090386604e-02,3.760692098634676322e-02,4.524912976278879645e-02,4.338588236872669562e-02,2.128652823125799266e-03,1.398204458158178697e-02,1.110555731081825682e-02,1.108146760958149402e-02,4.611917260495846521e-02,2.599399904722904386e-02,6.557532167786671307e-02,3.437341495582767192e-02,5.475837297362329964e-03,3.806112842870429391e-02,6.914360682837916716e-02,0.000000000000000000e+00,2.329191512915676152e-02,7.116844328009373777e-03,2.237657844653977157e-02,9.122725268756061824e-04,1.992018546216247840e-02,4.424653558211195242e-02,1.190490840087797819e-01,4.773074800893778447e-02
1.028644126252304725e+00,5.801778503326636693e-01,3.081696779167786837e-01,4.249525032910036332e-02,2.916009056516002396e-01,3.404057231227769834e-03,1.014210288390855613e-01,1.003793891193964116e+00,0.000000000000000000e+00,4.264752324510892034e-01,6.288776432982365883e-01,6.846811774457683270e-03,7.677605986468912791e-01,0.000000000000000000e+00,9.951890156817159994e-02,4.246750627859123828e-01,8.561801693018288029e-02,4.839598917050755983e-02,9.376064963460071233e-01,5.793156014599182280e-01,8.642468465216014521e-04,2.403594049388302345e-02,2.110882209941496723e-01,8.330653754907342556e-02,8.875958129704573929e-02,1.160758788419952343e-02,5.938322842170765670e-01,2.147622717267707315e-01,9.502437626253837713e-03,2.443491321928282778e-01,1.351543294764229464e-01,9.362345901015310320e-03,0.000000000000000000e+00,8.312724492140026455e-02,8.935493947559351724e-02,6.304409813146326369e-02,2.134378934564052643e-01,1.702302405538869967e-01,7.322542832732789608e-02,5.146995655510805401e-01,8.212407513062429040e-03,5.602560264077676572e-02,2.462963755251722509e-01,2.959546338165551169e-02,1.501648746463927486e-01,0.000000000000000000e+00,4.549116745202653189e-01,2.571292361503602075e-01,1.951577209397503954e-01,2.196563461438584899e-02,2.727094393450792409e-01,5.132334659010261424e-01,1.510281825094262342e-01,0.000000000000000000e+00,2.468645631249477557e-01,7.389573244705140986e-01,3.075014354665837613e-01,0.000000000000000000e+00,1.779328617025019155e-01,9.135382738936721758e-02,1.741746804541212737e-02,5.548778131293146121e-01,8.982524524910311114e-02
2.672721760817198811e-01,2.662305379655260373e-01,2.325776779043510212e-01,2.453371749986812955e-02,8.101146436208840618e-02,2.963016856873841587e-03,9.112684101612023024e-02,1.505246351068615929e-01,3.717320537720486540e-02,1.574453140317366440e-01,1.062898328101794382e-01,2.407967645441709201e-02,3.159818215020842036e-01,0.000000000000000000e+00,5.368351764629816780e-02,1.081295319792054954e-01,5.890340154758096775e-02,1.023938383707241884e-01,1.440556656091923071e-01,1.776168663574258233e-01,1.477476971749591521e-03,9.388788473125150510e-03,1.275794530780993419e-01,1.053651935257209592e-02,3.338058850088727186e-02,6.951061382462076464e-03,1.911457454459488392e-01,1.383686910368305267e-01,1.581493916964454571e-01,9.301249268954790705e-02,6.488812917914525691e-02,1.179373559145529549e-01,1.721805587255752570e-02,5.904302263733027245e-02,5.797091004345774484e-03,1.052848224527832971e-01,7.844602139049171308e-02,1.343491067578222176e-01,1.252844458220272184e-01,1.887886270197362826e-01,2.088086690451991523e-02,5.151119308236812300e-02,1.238898377831601366e-01,2.182570495195381224e-02,6.038724174547014517e-02,3.565636674759091874e-04,8.656297366099890978e-02,1.669956799871035180e-01,5.853015569166857696e-02,4.349838293685631685e-02,2.006493756156806085e-01,1.774343995491325376e-01,9.172621878634078241e-02,2.617573297273446953e-03,4.339673617642062116e-03,1.157322940658126464e-01,1.535903820671313535e-01,0.000000000000000000e+00,5.031586970429397648e-02,6.741104671098323287e-02,1.107903959143101275e-01,2.750857749188673762e-01,1.473066658814074781e-01
5.812360690711931843e-01,2.586312853735114881e-01,2.118912883879218445e-01,1.028493411877230701e-02,1.871973162777501865e-01,6.801350485995953654e-02,1.184143550020359675e-01,2.729315585901005980e-01,4.465251849996209645e-03,2.093092564074190420e-01,1.960007534621418246e-01,4.825162495597421636e-02,3.960839170665508835e-01,5.918383743872193160e-03,1.287260616283516790e-01,9.347820106688482789e-02,4.220940846376011052e-02,7.847135844371365410e-02,5.481317330219721562e-01,3.147226063819737463e-01,7.695362626960966512e-03,1.413410366623205766e-02,8.641400014683116304e-02,1.277976900948327990e-03,3.874751936102334426e-02,9.156591931180629515e-03,3.053719679261697739e-01,1.432785383989212680e-01,5.688638762574390467e-02,2.125185749259334844e-01,1.932304596137058850e-01,3.574186175897101081e-02,1.344326666624534421e-02,5.192186691076241395e-02,2.149996941952087362e-02,8.229271603405531599e-02,3.270434053180815148e-01,9.056672209212525415e-02,6.819109236271621299e-02,3.574291894178498463e-01,3.049878702039579906e-02,1.092357713349139808e-01,2.029585224082166850e-01,1.735204437206604167e-01,2.773420656881251875e-02,1.067585552478581869e-02,6.962220647182613964e-02,1.441127774032377185e-01,2.566753995193834514e-01,3.503470003537179772e-02,2.340265228791017504e-01,3.214193002503570318e-01,5.248903993068685520e-02,5.437915214290772042e-02,5.239113473540014249e-02,3.398653421890231452e-01,2.115843324011416338e-01,9.601364788542296816e-03,8.030380752328787619e-02,6.348181291765747636e-02,6.042350221376380920e-02,3.654788125309563207e-01,1.294072380454437399e-01
6.808839727464134350e-01,8.935946811806555479e-01,2.522232949657455259e-01,1.874760718752026614e-02,2.170109959476942130e-01,0.000000000000000000e+00,6.848436974522688347e-02,7.887426279334274204e-01,5.495578468391173164e-03,3.558038591941118933e-01,3.610507358366510933e-01,0.000000000000000000e+00,5.767218819714495792e-01,6.807420331378419938e-04,1.723386860116767061e-01,1.499949796356238041e-01,5.500109448040076954e-01,8.819929067693094149e-02,7.462612597295131822e-01,5.106228962755209322e-01,0.000000000000000000e+00,8.075762273731922070e-02,1.362044731184040292e-01,3.001918927251835956e-01,5.979802612895035452e-02,5.483601623864944354e-03,5.132444483950103775e-01,2.026510755363020166e-01,6.204287878029247222e-02,1.279563404578732688e-01,8.296430751832369055e-02,6.578904977377415808e-02,0.000000000000000000e+00,1.694900678174060538e-02,0.000000000000000000e+00,2.052354978385189516e-02,4.063411080670569636e-02,2.010414281949690352e-01,1.039721969317157352e-01,4.034789118518419815e-01,4.475651057378090408e-02,9.132787324828585407e-02,1.873856623358617080e-01,1.795681908345281991e-02,1.574580337111881612e-01,6.378021857564786755e-03,1.935819180466991918e-01,2.082764149174752555e-01,2.983744036313134076e-02,5.131748227717799343e-02,1.402758708236888641e-01,4.759241256665131536e-01,2.080003177769010059e-01,0.000000000000000000e+00,7.477281977811359170e-02,6.033412163285323260e-01,1.496159816946568688e-01,1.678513631320877747e-02,4.918956462923745887e-02,9.415450692423106560e-02,2.405312737680503563e-02,5.012404320722997353e-01,4.604543462875981819e-02
6.546295527531297287e-01,4.250815402228038109e-01,3.314190270747352507e-01,1.653032998985905569e-02,1.948703835006150575e-01,0.000000000000000000e+00,7.318200522769253979e-02,7.199561673613176227e-01,1.833604617458306218e-01,2.288103994461132551e-01,1.460288266610662300e-01,3.552509371864960575e-02,3.544282918041598562e-01,4.828862329385267410e-02,3.273687152267991396e-02,3.143840161283663615e-01,1.640515581661076971e-01,5.774449664338358185e-02,5.290627669424654567e-01,2.419387504795856847e-01,2.641292584812242675e-02,4.747502923891711718e-02,1.178256583430324494e-01,2.365604894029245051e-02,2.411655975107250896e-02,1.006707199732352481e-01,3.527463316761501599e-01,2.430689427885551479e-01,1.651964000203076932e-01,1.547312856277270887e-01,1.166199942989745164e-01,7.257949106950155327e-02,3.397237218090788657e-02,6.005792050294068291e-02,0.000000000000000000e+00,4.925989187108817391e-02,1.536163418717725326e-01,1.558636708408860649e-01,1.033155852088563781e-01,2.397975570795869149e-01,1.208012979865109859e-02,5.469678011382702459e-02,9.062021039704219738e-02,2.445550801212484360e-02,1.235125270717556956e-01,1.050206406015769672e-02,1.046041879172249917e-01,2.275726423689894418e-01,1.773807074786492785e-02,2.114826556431787241e-01,2.174136366262789666e-01,3.141562730191557740e-01,1.320311886704206572e-01,0.000000000000000000e+00,1.191747589610452351e-01,3.533859188197391865e-01,1.140436570445244185e-01,0.000000000000000000e+00,7.983724702755491676e-02,2.910526953176046858e-03,7.645020841836282222e-02,3.002142917438249126e-01,1.073078579947609884e-01
2.571400387459690795e-01,3.309379800846350972e-01,6.282081971624162153e-02,2.193077477094319220e-03,3.154925785271255056e-02,6.474663324484151994e-02,1.806384485517709970e-01,2.292796534728351876e-01,5.969594596103395823e-01,5.671000437515635872e-02,1.661666040645001230e-01,5.930140686095447533e-02,2.220718108173948269e-01,6.537677460687552761e-03,8.823983995307089004e-03,1.449860076328442493e-01,0.000000000000000000e+00,3.326477663266749762e-02,3.023868588277006109e-01,2.558637737634613107e-01,1.298501525737214175e-02,0.000000000000000000e+00,1.915470267550559991e-01,5.980557529865047212e-02,8.729431219062805392e-02,9.911539829156034223e-03,2.553772723205715578e-01,2.969420615392429422e-02,9.728385244387570061e-03,3.993452382547462709e-01,1.891852043880778989e-02,6.541453106364851500e-02,1.416771638157225503e-02,2.183882683103449338e-02,3.721496704900600916e-02,5.763633308157076890e-02,6.816891998413961151e-02,1.161593700199564094e-01,0.000000000000000000e+00,2.016994963080653847e-01,1.932814411944577537e-01,1.077678372969175236e-01,8.148056790629405743e-02,5.167069790100770228e-03,7.323556403771411434e-03,3.595713477144799053e-02,8.486139807871308227e-02,2.085779878388253905e-02,1.420078516356115296e-02,3.384907090769205540e-02,1.862060285524786141e-01,2.531893486874097973e-02,7.950068524977051132e-02,0.000000000000000000e+00,0.000000000000000000e+00,2.622033659433701258e-01,3.376646601185125194e-03,9.060578089837257112e-03,8.987131119899254006e-02,3.015335281326483319e-01,6.215772281317503284e-02,1.912006943261229941e-01,5.971387337677701995e-02
7.078647190727024308e-01,8.829723045026026673e-01,5.354976112202420868e-01,2.114665189281361712e-02,2.504868147216343099e-01,0.000000000000000000e+00,1.976113691228095215e-01,8.835568966438152039e-01,7.321918403154087374e-02,3.056264149913089367e-01,1.019936078811716079e-01,5.582439193946506228e-02,7.819786780441450036e-01,0.000000000000000000e+00,1.414363158678336452e-01,2.129317214142713854e-01,3.909672124036034924e-01,7.374239611688253315e-02,4.796486324961019565e-01,3.114688984187328757e-01,0.000000000000000000e+00,1.471232420690532505e-02,1.541045121259973227e-01,2.912591817773718117e-01,1.613308845246241574e-01,8.573997532123825774e-03,4.292837170399518842e-01,1.398199886745033760e-01,7.866704679458623450e-02,1.216849116969547090e-01,5.703956033615620314e-02,2.788719617393560779e-01,0.000000000000000000e+00,6.889088745402027758e-02,0.000000000000000000e+00,7.025175427463407896e-02,8.401439186801307191e-02,1.553607982938480514e-01,3.155189336747805662e-01,5.705626626141403479e-01,3.278328475206628012e-02,1.534951311083546099e-01,1.704300371146921511e-01,1.184777288568730769e-02,1.173777952124944041e-01,1.226931295287809337e-02,1.044309236168753235e-01,1.413464181808370412e-01,1.017159974789111909e-01,4.230189885282083923e-02,2.372742059223159339e-01,5.287435220109087952e-01,1.101598638892243159e-01,0.000000000000000000e+00,1.804923997404060954e-01,3.963290531427972607e-01,3.541665105288851478e-01,0.000000000000000000e+00,2.255428405079865084e-02,1.180978458138913778e-01,1.347364520457110248e-01,5.530010540710433853e-01,1.499359007030551250e-01
1.344314422380531449e-01,4.218671041341280348e-01,1.126321983906441032e-01,3.671254536607401840e-03,6.728074693979201049e-03,0.000000000000000000e+00,5.179750336019594420e-02,5.185700681932816497e-02,8.651221942924136599e-01,1.109801632185237336e-02,1.698256714511238094e-02,2.573229041661313776e-02,2.188823623054452494e-01,7.130872916537155971e-03,3.193469906190085639e-03,5.547835708877790761e-02,3.442176296079810325e-03,7.698511304250366116e-02,8.855767679099385559e-02,6.350179163456685927e-02,1.387489663930379681e-02,0.000000000000000000e+00,1.239146947297490864e-01,0.000000000000000000e+00,5.771810301049890707e-02,1.573592648059401891e-03,8.284156685654636698e-02,4.105946062766196829e-03,1.339864476141149341e-01,2.238388748725264887e-01,1.375286822435323880e-02,1.134133886807460884e-01,3.795442024168271550e-03,2.702431649071556155e-02,1.308379727910850832e-02,3.108760863913093142e-02,6.650406063763322079e-03,8.865391772109960933e-02,1.556354436162659394e-01,1.933336052434780905e-01,4.212855772365292628e-02,1.433691330240619566e-01,3.172283442906683598e-02,4.422839068914501300e-03,1.200533334108849944e-02,4.979968092139997610e-02,2.092859597525555376e-03,1.420141118520376611e-01,4.009653802578791448e-02,8.675622388417315867e-02,9.731491622575690059e-02,1.668994907885301910e-03,5.464784173697945918e-02,7.013752007420391565e-02,4.485293458732780153e-02,2.504108745206081940e-02,0.000000000000000000e+00,2.540033100528434409e-02,4.471952540106644003e-02,1.893594899820613964e-01,5.678491136644701204e-02,8.890580768775351028e-02,1.071473738307357620e-01
1.957630168734854348e-01,2.993903213108894401e-01,4.555042335043890667e-01,1.730295545843443458e-02,1.260669980307687899e-01,4.015842325235852509e-03,2.767564839830505621e-02,2.032200072435786931e-01,1.767757302759453801e-03,1.688167786267754378e-01,2.311926570191517316e-01,0.000000000000000000e+00,3.205654488079769937e-01,0.000000000000000000e+00,1.395012818103043839e-01,3.422179054403601262e-02,2.413796982214624909e-02,6.998445515839599174e-02,2.394088235122557862e-01,4.868022963175127060e-01,0.000000000000000000e+00,3.813122814354279883e-02,4.828284938617663502e-02,3.678598431912919603e-02,4.319540203466409878e-02,3.688203631741792158e-04,4.298803378803512376e-01,5.005400630818659935e-02,8.973233172443447273e-03,8.207950669391207710e-02,1.969257034019639488e-02,1.508281071746736361e-02,0.000000000000000000e+00,1.453871034599392605e-02,3.568512949438966408e-02,2.003776229451642923e-02,3.439740301466125832e-02,1.186304973227129134e-01,2.594401009505981626e-01,1.566699824287799137e-01,0.000000000000000000e+00,1.286866821847922893e-01,8.040889176668432337e-02,3.862364373790520139e-02,1.091810117677863151e-01,1.159834086233300747e-02,4.924574045458809946e-02,9.083222693051240526e-02,4.269543849263129215e-02,1.702459753642900434e-02,1.034283429318843678e-01,1.611517902348096332e-01,2.131509216759928382e-01,0.000000000000000000e+00,2.837432156251333201e-02,3.874989931612360938e-01,1.577091545593678201e-01,1.211683917624831359e-02,3.271937970524889383e-02,1.165157993667386011e-01,5.401132154452210898e-03,3.395616048890113814e-01,4.317921904978653386e-03
8.635169674766616232e-01,6.712020061679412342e-01,5.432030488278295072e-02,3.863360280770835042e-01,7.054426195951594980e-02,4.025497612183159823e-02,5.625099790970474745e-01,2.377306105005031756e-01,2.749221134346622186e-01,1.004847405020947299e-01,1.907511900382447001e-01,3.324622152462252192e-03,3.006079137822580405e-01,0.000000000000000000e+00,2.976564996985982606e-02,6.113439321915269398e-01,0.000000000000000000e+00,1.207628795889634232e-01,4.269311851457404661e-01,2.873568755993898272e-01,6.855300194883522102e-02,3.428754636945006706e-01,4.914254085200254335e-02,5.737487739141008264e-02,1.733795940671404023e-01,2.630033006081648750e-02,3.089708129502066747e-01,2.353307622450883166e-02,1.673534535239608323e-01,3.641690280282201542e-01,1.515231919515493651e-02,1.973188671022575724e-01,5.780358916557391119e-02,5.167727883909273290e-01,1.051002634072592274e-03,6.922508595955273458e-01,1.073049609507537028e-01,1.885628244109513740e-01,4.068650018427910631e-02,3.180135236781713726e-01,1.407385679962394887e-01,1.298120304307163186e-01,1.452202662545661604e-01,0.000000000000000000e+00,0.000000000000000000e+00,1.243185951487435909e-01,3.339687116587326809e-02,2.379029645592553310e-01,7.757320569533346366e-02,2.118794024660358988e-01,1.640571166288474214e-01,1.643451142942533444e-02,1.056089344329707025e-01,0.000000000000000000e+00,2.651240785487380888e-03,3.330948981783193319e-01,2.088108099759448597e-02,0.000000000000000000e+00,2.413787891047614875e-01,5.250705157373186660e-01,1.663196310165415137e-01,3.616944135148333905e-01,8.488458181731595165e-02
5.857353589375727809e-01,3.845485691461734135e-01,1.355399976339941200e-02,6.566835328873002475e-02,8.325678705347440423e-02,1.994890331691724292e-02,2.004436114174153738e-01,2.975106715965893933e-01,5.233909994519300030e-02,1.448850623124632309e-01,1.526000007728908481e-01,7.848555057141071503e-03,2.271655535597060516e-01,3.619710338299166399e-03,8.071766666797999812e-03,2.752329030834339552e-01,1.360422875783188872e-02,1.489097259219266667e-01,5.440336718601607169e-01,1.994040585505041652e-01,3.325245697554915503e-01,2.115099552685392736e-02,5.913626794159182465e-02,1.026044230984698574e-01,5.629526563537850387e-02,2.180448070198832131e-04,3.703690303777284476e-01,1.028927714074839295e-01,5.815153085758791862e-01,8.765808709789919828e-02,1.001095918690325659e-01,1.236530909320462945e-01,0.000000000000000000e+00,1.301336672976398934e-01,5.611107450764241632e-03,3.786256402235493868e-02,1.433736574941173458e-01,1.571675831999637396e-01,0.000000000000000000e+00,2.922099674230650979e-01,4.130633397792022460e-02,4.280449330345855591e-02,1.100216646272671045e-01,0.000000000000000000e+00,3.030543418413476561e-02,1.300973427697175305e-02,5.923840611436938935e-02,4.636339139516356123e-01,1.079050882628430630e-01,4.702694726735945352e-01,2.099041217225613432e-01,1.877582866214823343e-01,1.473052843930570122e-01,0.000000000000000000e+00,5.187997016042716902e-02,3.325296155063449666e-01,1.673697938462354734e-02,3.107606468618543880e-03,6.249068108220321577e-02,2.662311330561789938e-02,2.893887562438046679e-02,2.999988273744803036e-01,1.779644027700598985e-01
4.687041952800256595e-01,1.862414350305042487e-01,2.471590601451805480e-01,1.676752134853944087e-02,1.590346926976039799e-01,1.340474149593234299e-01,1.487301463930164047e-01,3.744994960127324135e-01,4.763977650784748108e-02,1.832223332195542509e-01,1.059656560762587824e-01,5.429247057519845376e-02,3.442338107657820223e-01,7.837739311919041107e-02,5.607580999357599655e-02,1.207558878457899998e-01,2.905101143666398086e-02,4.519674194499125747e-02,3.406931163099209958e-01,1.800928428651954460e-01,1.944556159784552665e-02,1.867946675948189625e-02,7.603861836436909272e-02,1.358201634296386101e-02,6.814169293503249958e-02,3.208052070855971997e-03,2.353452779965699015e-01,9.582682818541894687e-02,0.000000000000000000e+00,1.218078810665604722e-01,1.110463478641401797e-01,1.207065361770396673e-02,1.254914025252807687e-02,5.551895255306902449e-02,9.479705596068529333e-03,7.953877981949832032e-02,1.924913190961094756e-01,2.290681912867745251e-02,1.576280202217167081e-01,2.732028486568124359e-01,5.385437117851595706e-02,5.941473995413495274e-02,1.064569516632982576e-01,5.820059818052415040e-02,8.314894026062186194e-02,1.096787940392033667e-03,8.503788416427819630e-02,1.234442792768766645e-01,5.020732082471826563e-02,7.327144149730759753e-03,1.917658778525045682e-01,2.977244956313329083e-01,3.066485770535899366e-02,1.328567739203210391e-02,1.344807663345876092e-01,2.013295091074572829e-01,1.608808930712487817e-01,2.610807558472255652e-02,7.400285438890009948e-02,4.379384990822976498e-02,6.685980612645492371e-02,3.054326802899547944e-01,1.069486907329991326e-01
1.066211418457734927e+00,8.748669603219457747e-01,1.873379302074442976e-01,2.897691229267515545e-01,1.411071102209961181e-01,0.000000000000000000e+00,3.665083288146819274e-01,3.027994299059934558e-01,3.789765317497328229e-02,1.321987406362341577e-01,1.168920227468893680e-01,3.082364767550898818e-02,7.682537520455015034e-01,0.000000000000000000e+00,4.371373119289732184e-02,6.195684044454622397e-01,1.944044181540099669e-01,1.562066039945217144e-01,5.160085090436120625e-01,3.930577061998065669e-01,1.994597773718603112e-02,2.467848365246547437e-01,7.622909985075913830e-02,2.120628120264858030e-01,2.601803567786482030e-01,5.721270075282287176e-02,4.440673175206348855e-01,3.986062424144829613e-02,1.935944589344495148e-01,2.423502768351702974e-01,4.120669156833516728e-02,1.028710503640064416e-01,0.000000000000000000e+00,2.819135561580081162e-01,0.000000000000000000e+00,4.267051468765885591e-01,2.014675963174940299e-01,2.350149698940252885e-01,1.729209930669834694e-01,4.211061693140392692e-01,3.918387199489840184e-03,1.527715939453465899e-01,2.372937294932492003e-01,0.000000000000000000e+00,3.389380097726329283e-02,1.584662415766906543e-02,3.148798489116515914e-02,4.058333582202817702e-01,6.242864329763313930e-02,1.342407951924531051e-01,2.789507425712207667e-01,2.474737553396755274e-01,1.312537138023124328e-01,0.000000000000000000e+00,8.772208573618912875e-02,4.004371321850350718e-01,9.596233631272226006e-02,0.000000000000000000e+00,7.377843927604375851e-02,1.224921619902302888e-01,6.404336804527697991e-02,5.447905210937330489e-01,1.916726497078208302e-01
2.291795981233346324e-01,3.203796965238361882e-01,1.456411096057167454e-01,2.978436329156703907e-02,1.057789882439837958e-01,0.000000000000000000e+00,2.086936982151542386e-02,8.077666988526342740e-02,2.199997202562671908e-02,6.280973754491760153e-02,4.712822996105225232e-02,4.427248959438779782e-04,2.671623658724067152e-01,3.271473121415748031e-02,3.465796222608456562e-03,5.243204628857092015e-02,1.821707616797719684e-02,1.498491014103968400e-01,8.972604242746384795e-02,5.899729006378726798e-02,5.841873222893389540e-03,5.040485303477219847e-03,7.005039719570410606e-02,2.913025766678739234e-03,8.355462736844687655e-02,4.113137711176923124e-03,5.967647911895424678e-02,2.294706950356558903e-02,5.406554921427326327e-02,7.465292515748124524e-02,1.029432736086692418e-01,5.143270932109302723e-02,3.206508051235387041e-02,4.142801388492143438e-02,0.000000000000000000e+00,5.124521136984683256e-02,2.758794124037924900e-02,1.134200963853833066e-01,2.603091132251577067e-01,2.259603984032864388e-01,3.575821837499881112e-02,5.990686589877248364e-02,1.007636564007123314e-01,2.535098661478830603e-02,3.169488544329813334e-02,1.652703865951909989e-02,3.654809475295747734e-02,1.062787187846490622e-01,1.563738235916222949e-02,5.280467421173792170e-02,1.067508656025453889e-01,1.100708300063653472e-01,4.442432206049687360e-02,2.809101644132682221e-02,1.371788031652607653e-01,1.700523403982724321e-02,4.036153908839788113e-02,1.241471495409985672e-02,1.025873445710589159e-02,9.317965290424452818e-02,5.768215358650303354e-02,2.598301899720432129e-01,2.214883465439451693e-02
8.134223839448657678e-01,4.839013026089527547e-01,2.421428335985035263e-01,2.792240698330130787e-03,2.020495855849819000e-01,1.771251461345594051e-03,9.780827452625408258e-02,9.571928454587769197e-01,0.000000000000000000e+00,3.554537184644135928e-01,1.187088560223263506e-01,2.848936085413114605e-02,7.373687418042820241e-01,8.972688575891538815e-03,9.618370910871580637e-02,1.446093895575798760e-01,6.768010207242783904e-01,7.132179880873594502e-02,5.426415042235944730e-01,3.146828021456539726e-01,3.028774851337863103e-02,3.679441651842085392e-03,1.491428612167517709e-01,2.725725123988186893e-01,7.662416670867673585e-02,5.670724615496994941e-02,3.284518666624944294e-01,2.664353507308632740e-01,5.514986808594496415e-02,2.112937081420282748e-01,2.202700336117991708e-01,5.356817264639014003e-02,0.000000000000000000e+00,8.417933657215483090e-02,0.000000000000000000e+00,1.050048512742629697e-01,2.169515106758972689e-01,2.210569435172348163e-01,1.198874264138886508e-01,4.833072460677601545e-01,2.888581346138751130e-02,1.260985828117792418e-01,2.283036270904945375e-01,2.616713942695054074e-03,8.999258455488712283e-02,0.000000000000000000e+00,1.464584993220116316e-01,2.758534290511170384e-01,4.800378887925796367e-02,3.683116723914292567e-02,3.032295278089512380e-01,5.020650472465024716e-01,1.350033047515444840e-01,0.000000000000000000e+00,1.142002408443037048e-01,3.671098417916472401e-01,3.235415625586556820e-01,0.000000000000000000e+00,1.013644919248032489e-01,1.111100427996750822e-01,6.478181490164341971e-02,5.290073453234133138e-01,1.489297928791486758e-01
2.969884688696380892e-01,4.978252857575690693e-01,3.281666011033690933e-01,4.112919228727130263e-04,1.053733094456233838e-01,5.537082251235630331e-02,1.376355531410990325e-02,5.184364462481386715e-01,2.110132117515066408e-02,1.790146020439154773e-01,1.128201266102756423e-01,1.329126842845727852e-02,3.356637091401941109e-01,0.000000000000000000e+00,1.857749019773375157e-02,6.732027220065334161e-02,9.339580793445494133e-02,5.659299249525612252e-02,2.798305822945713062e-01,1.290664592379155706e-01,3.764196411115515038e-04,3.662334453419011787e-02,8.341179614016758226e-02,3.825117160091552615e-02,6.587180715899844385e-02,1.735192031780791524e-02,2.040862045015940929e-01,4.283541031670214799e-02,4.996027075726902633e-02,5.177030594107693423e-02,7.681913111523845650e-02,4.063584933414972344e-02,0.000000000000000000e+00,2.281998924780529250e-02,1.699287321247321472e-02,6.910031944995691233e-02,5.918705281694138648e-02,9.507815360952270867e-02,1.802682532750711220e-01,2.649813181841898513e-01,3.963134069206904198e-02,1.115180102601194129e-01,1.349919850635671048e-01,6.192448716808218734e-02,1.132803911948720849e-01,3.352162836646944283e-02,1.292272748560729101e-01,4.341005669626477048e-02,1.109602356357634358e-02,1.827130835567747011e-02,8.700319786193781713e-02,1.903436118217937956e-01,7.978181162346163757e-02,3.313568321687383137e-04,7.919138590916129095e-02,1.833482581242778797e-01,1.255390445640013897e-01,1.913075932256075654e-02,1.276881666410473702e-02,6.003311607459507065e-02,2.570518836104962457e-02,2.163004438919565453e-01,1.408236477658995726e-02
8.141268962133055842e-01,9.154259626945101536e-01,4.980139907899567842e-01,1.105896993209512652e-01,1.088152666770383359e-01,0.000000000000000000e+00,1.432731213749833366e+00,5.839795399163948825e-02,4.082702722217231295e-01,1.187443809155213498e-01,1.920356895588121449e-01,2.874832763284854154e-01,6.538279940443183502e-01,0.000000000000000000e+00,5.229306722455858564e-02,2.863142280949065310e-01,6.172518921692716175e-03,6.103539030840472029e-02,3.502332809628054267e-01,2.885716957214478628e-01,0.000000000000000000e+00,3.287856170303623399e-02,2.857329641284972119e-02,6.356304431277304268e-02,3.421855799352629401e-01,3.135119798604616426e-01,3.658969712285872755e-01,3.126050934728414037e-03,1.021635835317639546e-01,2.768616644672720617e-01,1.478413598134258359e-04,4.344812353059044341e-01,2.098962303191260759e-01,4.231516793063514609e-02,6.395254131369125516e-02,1.185165806692237561e-01,9.873762553940953340e-03,4.717180982138013956e-01,1.268522418691608034e-01,4.434331996404157761e-01,4.823102622598976486e-01,1.242163431896228937e-01,1.554194345718908077e-01,0.000000000000000000e+00,0.000000000000000000e+00,4.893099404375736601e-03,1.532538547311699216e-02,2.290966148027722415e-01,1.328245532383067438e-02,9.487828328132537001e-03,5.584988241576386292e-01,1.483404805710098482e-03,2.529683844573539786e-01,0.000000000000000000e+00,6.522261156589607284e-03,2.951548189209979300e-01,6.302787289994406759e-03,0.000000000000000000e+00,2.961867833104106160e-02,4.345994565444217250e-01,2.566648869923538467e-01,4.565871517137076729e-01,2.255578381262040299e-01
4.380921693355113722e-01,5.995707067510624988e-01,0.000000000000000000e+00,1.504010002905419084e-04,1.406115225692716741e-01,3.031051209515298051e-01,3.338550205107789631e-02,7.014212343440928699e-01,7.448508052565763760e-02,1.810909386067571791e-01,7.766724849774317430e-02,5.876270483191511212e-02,5.100110645977163903e-01,0.000000000000000000e+00,5.735706624303033713e-02,6.824754181582569357e-02,4.473851606612144066e-02,4.761710957711057235e-02,3.171151414967636750e-01,1.068629709538686384e-01,3.160211221136410148e-02,2.756011697990516304e-02,7.836165693003634136e-02,4.941871546487715955e-02,1.104364920818875911e-01,1.217089769859496483e-02,1.901049392069789901e-01,1.049650542822032628e-01,1.424906988426723198e-01,1.326704220824939384e-01,9.673940845849711423e-02,1.076550343362193268e-01,3.114408902057615169e-02,7.173517540736216135e-03,3.811493177507366444e-04,7.008153866572727764e-02,2.695640333973345001e-02,9.152394340759349711e-02,5.811512362466888376e-02,2.733755195796959692e-01,1.801980468845100145e-02,7.057176713234776522e-02,1.309376911767369533e-01,1.803242014973617871e-02,8.001022022645633280e-02,9.314089788110432172e-03,9.461677247810484914e-02,1.984245055721035322e-01,2.328160768982992790e-01,5.684847979450902145e-02,1.535580621235602405e-01,2.180454871564072583e-01,4.664526230789254463e-02,1.324705940888249583e-02,9.223050967665441524e-02,1.884660479341804529e-01,1.463949585375118601e-01,7.076185761713946719e-03,1.864025235550422974e-02,8.101464637295462123e-02,1.249825936987375569e-01,3.063343169160055446e-01,1.042297060207865028e-01
6.662953154406845435e-01,6.098835225296740381e-01,2.974882396724199407e-01,1.383236724451999402e-03,1.572093543957748252e-01,0.000000000000000000e+00,1.032359317427043455e-01,7.771474681287702246e-01,1.549000251278239738e-02,2.632577252952050806e-01,3.338801900503491488e-02,5.168852197455239134e-02,5.677369114642295544e-01,0.000000000000000000e+00,1.440731204912835128e-01,1.350530610148726607e-01,3.288638147190827143e-01,9.645204774581134233e-02,4.784072409657280089e-01,1.774628654916379222e-01,0.000000000000000000e+00,8.122439717196840506e-03,9.746471215506541386e-02,1.108713275818966615e-01,1.124021999830315949e-01,2.929784756698603897e-03,2.434692220028384924e-01,1.395068669706159559e-01,1.115360564364176882e-01,1.420260328341516332e-01,2.157221541932154985e-01,7.658669399401485389e-02,0.000000000000000000e+00,3.737724531490841523e-02,1.055404918390468599e-02,5.303298020484034647e-02,1.143379892321137320e-01,1.218705754973683913e-01,1.986442905892098487e-01,5.390052649942079777e-01,2.234433432645232045e-02,1.175160482012334723e-01,2.025526100878882463e-01,8.128169958304417783e-03,1.106970853160449408e-01,8.252428398449357730e-03,1.291687438455222103e-01,2.024780630241687918e-01,2.528992754835592827e-01,3.962434374220510230e-02,2.161701842284937947e-01,3.564801044095211036e-01,1.014001691942538058e-01,1.266381200113228349e-02,2.364096779477839749e-01,2.443476117704471984e-01,3.061203589713494266e-01,0.000000000000000000e+00,9.310612620894298877e-03,8.480578498997666526e-02,4.572727807285034002e-02,4.377345738939975028e-01,1.260026683229126254e-01
6.834058962378820601e-01,3.606588435778457225e-01,3.175489140597150262e-01,4.051960784166174119e-03,2.670854092990147532e-01,4.172441250281425096e-02,8.614720748908187564e-02,1.151164640077569246e+00,0.000000000000000000e+00,4.645392054423700401e-01,3.001285659166438857e-01,2.245953620267024733e-02,5.692639209878769258e-01,0.000000000000000000e+00,1.164412203133952245e-01,1.084431000007421014e-01,3.490635861867971701e-01,2.571257858269767813e-02,7.997745336622744672e-01,5.015591832302180864e-01,0.000000000000000000e+00,1.571627139689668259e-02,1.349783422192225579e-01,3.157062048926062570e-01,9.687211469490237745e-03,1.766713020150005239e-02,6.215404321215509675e-01,3.377541742394779001e-01,6.798424428733542552e-03,1.736621773452754203e-01,1.254043996014308771e-01,2.791255797414621612e-03,9.855474685937521545e-03,1.970941229483230347e-02,0.000000000000000000e+00,7.536616928690125124e-03,2.278128419916898295e-01,1.591118295124578086e-01,1.140254359407019691e-01,3.400505085491721258e-01,4.720365102759521182e-03,4.283319556178450532e-02,2.195341882383271270e-01,6.022640124121531047e-02,2.456413275287344378e-01,2.003004784586642686e-03,2.393841053345740211e-01,7.558282350190846655e-02,8.731404812371885982e-02,1.604248263230852525e-02,2.266840166672165757e-01,4.936145036545266929e-01,3.203598329425015323e-01,0.000000000000000000e+00,9.586940068804374049e-02,7.367625373312362003e-01,2.917636870619494394e-01,5.145795075272465227e-03,1.094599628000273439e-01,7.873767784779490964e-02,4.019620598226163188e-02,4.784076652084751635e-01,6.630435437704119972e-02
2.683516898898452574e-01,5.626079317127894441e-01,2.032546412720207321e-02,9.575480198730101922e-02,5.310839521717147490e-04,8.854452010890041802e-02,1.652247238182516231e-01,1.933855563376024600e-02,1.675776496402963944e-01,3.633231832345579920e-02,2.539929190559013852e-02,1.671273871051769111e-02,1.520548998768452009e-01,0.000000000000000000e+00,9.282748525979818898e-04,2.023543855735689678e-01,2.417023897345922309e-02,2.832673085820822667e-01,9.771109164294655702e-02,7.320968208355534135e-02,3.036644890603008573e-01,7.940384048237983036e-03,8.048826319146155928e-03,7.211471451874593153e-02,1.851581979162893188e-01,7.093838648349773922e-03,1.042853735862038222e-01,8.240819846799970344e-03,6.398152593450120440e-01,7.691378497011036597e-02,1.835241440814229172e-02,2.207406292768037126e-01,6.692864908430421573e-04,1.695049160482788864e-01,0.000000000000000000e+00,1.417529959494566449e-01,9.795934095023656543e-03,1.190623061117381670e-01,1.052448693035522992e-01,1.644699146435238679e-01,9.475073578673128168e-04,6.191131310132116927e-02,5.691856847433402616e-02,0.000000000000000000e+00,1.413107095451454935e-03,4.677484400309232099e-02,7.136276465021694319e-03,4.580693314560882468e-01,1.379598230304928674e-01,5.256873808143150972e-01,1.175442324689585649e-01,6.523257783055610125e-03,1.004479390276048767e-02,2.350125954911480922e-02,2.807769276103102771e-02,7.140790011366822398e-02,3.457383930250005569e-03,0.000000000000000000e+00,3.823481756088866531e-03,6.513202543735176209e-02,7.081383626650700203e-02,2.061098615755422025e-01,1.995923770167749300e-01
5.673182426025251690e-01,4.953352926588072691e-01,5.812676735827921465e-02,4.107745669188430510e-02,1.765714984009798816e-01,1.179162958842866066e-01,2.775975210353462397e-01,7.035712927723417609e-01,5.800803587317882731e-02,2.830103252064187225e-01,6.921821927883408110e-01,1.746175874143601758e-02,3.894108951817492059e-01,0.000000000000000000e+00,1.187037663967950712e-01,2.182783737213951636e-01,2.080160794622867848e-02,6.287367662889148390e-03,6.314331708665589238e-01,5.502613965398553963e-01,8.864210737479348177e-04,1.934327163420480888e-02,6.900520244351564247e-02,3.296539206532353439e-01,1.315801708725405916e-01,0.000000000000000000e+00,5.119696055163103221e-01,1.673230418918665585e-01,8.203973442361206514e-02,1.166011525866199189e-01,7.862165515695659912e-02,1.645503202310167890e-01,4.680234491175073834e-03,2.773546029156608028e-02,3.130215658682994895e-01,0.000000000000000000e+00,8.196712163926322958e-02,1.832519236154265541e-01,2.431479881514909611e-02,3.385780565208697523e-01,7.497823862345046747e-03,3.090546963280434156e-02,1.084518676745620525e-01,7.736101119302321062e-03,2.377516905520473678e-01,1.276942268891050232e-02,2.543456860150097310e-01,7.095843793722797499e-02,1.934420140538171407e-01,5.194547539058630425e-02,2.100906192848065457e-01,3.244033473927663835e-01,2.351911647456514931e-01,0.000000000000000000e+00,1.172855380420812083e-01,6.828182444258888983e-01,2.966641700353108146e-01,6.003189975189267974e-02,4.771207101548079893e-02,5.773869814497636227e-02,1.091228873193985788e-01,2.951612224210848345e-01,1.254186011908309251e-01
2.267316460244297657e-02,8.342701289121684516e-02,2.104598870675454189e-02,1.967825585130385940e-02,3.365036101608002983e-02,2.702810276393825539e-01,4.365234711852147842e-02,1.417443756762555053e-02,4.229196093865591338e-02,8.557820812506093666e-02,8.546821966745944688e-02,2.062366355881468591e-02,1.002151065187926876e-01,1.935488802399831440e-02,2.536152705788748130e-02,1.957633748400261151e-02,1.161235112372750559e-02,2.389235971159401825e-02,1.101548106617425277e-01,7.457165972783134922e-02,7.825832596741340817e-04,9.244425111419698679e-03,6.052460606146527894e-03,0.000000000000000000e+00,4.538301141249094679e-03,2.349463234570705814e-02,1.097970797536220733e-01,1.500535766377048691e-02,2.124085859973280990e-02,2.192216052084955749e-02,2.129137669445252748e-02,7.632144198995663258e-03,7.772364308283129242e-02,0.000000000000000000e+00,0.000000000000000000e+00,3.770798721966742845e-02,1.040580568622924765e-02,3.452818706413187527e-02,1.824646412584742319e-02,5.109606483761524459e-02,5.100205736751974549e-03,2.448609623004941241e-02,2.582881309822418481e-02,2.785845511488985182e-02,2.704801664270438041e-02,2.441224936345709126e-02,5.124849364149555025e-02,6.409071736067457892e-02,7.608604477279894140e-02,3.521288205387306663e-02,3.817221230468613447e-02,1.822973087254957034e-02,5.720871791209475310e-02,4.090238706299753613e-02,3.488268127304409993e-02,5.891989106297634143e-02,5.815504167115265188e-02,3.767809106675922004e-02,2.800293629091361522e-02,1.677909488282385009e-02,1.369161891637989646e-02,6.363749054215457612e-02,5.726523915140330906e-02
1.017763205511113545e-01,2.054093134322284298e-01,5.938514137777443219e-02,2.474659731594544554e-02,3.534156677556347242e-02,5.204548791532587204e-02,5.311697933364947083e-02,3.700641409817477245e-01,6.854809401839111194e-02,6.972517934154880137e-02,1.896143886366880374e-02,2.155760129528873359e-02,1.091126065750732677e-01,3.766559430661630542e-02,2.633060003784863917e-03,6.052350606521315207e-02,1.396340075457902230e-01,1.371483274799982499e-02,3.936576715251451780e-02,3.853837041320628404e-02,3.639243823873934691e-02,1.986127680296524353e-02,1.206508046348907653e-01,1.538623326687561105e-02,4.834412384205528240e-02,1.981488373944740190e-03,7.889949509730589949e-02,8.409534687823000398e-02,1.349651992930173683e-01,4.623735120189664122e-02,2.773005330693309456e-02,5.857668264576831874e-02,1.046558908539776261e-02,2.902295981510090786e-02,3.062148651906473895e-03,6.135296608631333332e-02,8.412464040015223479e-03,3.601719982948132365e-02,6.432929405407615542e-02,8.541873996787983925e-02,7.308242969560569367e-03,4.824054776681636209e-02,1.921305548039936584e-02,4.687419234579946574e-03,3.407149536409680157e-02,3.078925154314440717e-03,2.634700074092403976e-02,9.944646248972023594e-02,1.657412575789206366e-02,6.582271549678243849e-02,8.911027518547352810e-02,2.072091911108547499e-02,2.685717251295903843e-02,8.668818151808217048e-03,7.395466025860469861e-03,4.356599570805031602e-02,1.035030975713436933e-02,2.215449668204334810e-01,1.085732348433834232e-02,4.563825891133988649e-02,7.914397502642551985e-02,1.093092673405979126e-01,1.288215857794157149e-01
1.126975005957093073e-01,2.405996375858971970e-01,3.351813741428217308e-01,4.336670018877355343e-02,3.025838577424021236e-02,2.537597027512330464e-03,3.967885958329810114e-02,2.765148317724412941e-01,3.122391674528611147e-02,1.164812769638302187e-01,5.611856653410075141e-02,2.399426137160751149e-02,1.407789987492199801e-01,1.803476269234238066e-02,2.305667722198135108e-02,9.276066524891819765e-02,3.386412656231403417e-01,3.075678433927760136e-02,2.369373029265413148e-03,3.118552203919712842e-02,6.325803915292930492e-03,1.518481285849614115e-02,3.694256239048083340e-02,0.000000000000000000e+00,6.309060680263407772e-02,6.403710667667078700e-03,6.946111233694239606e-02,5.541500167162427548e-02,1.233226019863432749e-01,3.470488409393469864e-02,3.550614400792475450e-02,3.575024314022236249e-02,9.924856521917169161e-02,3.765260512783470941e-03,1.991532383010769999e-02,5.712953692851905491e-02,5.308623487561264093e-02,9.615923375082744556e-03,2.138851079846014469e-01,1.400686712603838868e-01,4.646902109883564551e-03,6.385832042280846499e-02,1.230808075439928650e-01,4.927150170702822470e-03,8.846333080984730701e-02,3.971863966439082017e-02,5.094528693682381926e-02,2.261534567866553894e-02,3.063133311124617841e-01,2.340361366741218127e-02,9.214763390735236648e-02,4.838592633503096402e-02,4.497333451793009834e-02,1.869613842561044237e-01,6.306148582981041528e-02,2.336522118489875108e-02,4.937425104055579578e-02,0.000000000000000000e+00,3.264169546961066121e-02,7.284411545766775707e-03,9.653807115825253915e-02,6.680853232862776769e-02,9.556345748419255159e-02
3.922350889775889221e-02,9.920471523487411902e-02,1.288101881085203237e-02,1.242469782925053300e-02,1.080550273397327260e-02,5.080190364224904803e-02,1.401237317444676937e-02,7.852855416014766637e-03,3.048210750770517785e-02,1.011404250283658504e-02,7.021064388058672473e-03,4.381884963625320983e-02,6.349372857514465340e-02,3.356010707078386363e-02,1.102598493662305945e-02,3.902137651361437670e-02,4.929164788233496471e-03,4.506886486930967300e-02,4.954728959076930978e-02,3.535852033183522342e-02,6.483894067302198999e-04,0.000000000000000000e+00,5.948685903225670903e-03,1.743530073160535696e-02,6.838286298383569606e-02,2.599794952713735049e-02,2.064834921200970133e-02,1.199606418993054424e-02,6.269234635509657316e-02,5.178336806456038631e-03,5.412079965989965991e-02,5.174829607335912351e-02,8.159079394488193138e-02,1.250553961019516130e-02,2.272956365326865569e-02,2.595474293628426132e-02,2.790958900377540908e-02,6.066306416311558619e-02,2.536983859241487282e-02,5.958239040864992536e-02,7.270564771755844147e-02,1.827784559462539496e-02,1.118612827946201677e-01,6.384883329061691142e-03,5.181500575760487372e-03,4.462056578422050196e-02,9.219283560780869649e-03,3.507319025912850746e-02,1.613253683144085307e-02,5.365258146803345701e-02,1.814135277158362980e-02,2.289859563660661106e-03,3.642973168913966192e-02,5.042880418972690154e-02,0.000000000000000000e+00,3.954159231816625764e-02,5.810809373673729442e-04,5.928233046799841893e-02,6.392534505620299512e-02,2.247755900433881862e-02,8.552231553739591055e-03,3.116830187072309674e-02,3.673837467481466668e-02
1.031242073902716383e+00,6.990569537206692274e-01,6.492184502903842747e-01,3.035540071388652134e-03,3.083404245321453852e-01,0.000000000000000000e+00,9.035393176335838883e-02,8.061987724623769225e-01,1.835186727610610413e-02,3.528521310559731838e-01,1.729196430374842774e-01,3.149822791619504361e-03,1.161159139581637190e+00,0.000000000000000000e+00,8.546794269676935216e-03,2.638979097387529893e-01,3.194855998830126165e-02,2.127936114075410501e-01,6.858363555250116539e-01,2.676464137948941779e-01,1.956778675179926263e-01,1.029544804295567419e-02,1.749399276297218808e-01,1.644754898202013815e-02,1.098437216861937737e-01,3.884817233536271008e-02,4.877215339365971736e-01,2.272948845624766234e-01,4.688793127267281702e-01,3.905455213454800401e-01,2.373209950590013106e-01,1.628644419043382696e-01,0.000000000000000000e+00,1.100683225703604079e-01,2.675413393701733464e-02,1.561301229260351475e-01,2.941073989899151697e-01,3.624153633189812762e-01,2.799231748693609689e-01,5.661915713294903840e-01,5.718750832313030524e-02,1.466940754516236900e-01,2.799497473293550143e-01,0.000000000000000000e+00,6.718256712435080602e-02,0.000000000000000000e+00,1.095325494187718157e-01,6.480711529205150923e-01,1.000339337301633519e-01,4.802921750482829211e-01,4.270670244652273184e-01,4.792690097475999500e-01,1.152027259999778980e-01,0.000000000000000000e+00,1.085261583432154259e-01,3.922215029575568668e-01,2.286484316297803243e-01,0.000000000000000000e+00,1.769647857546901293e-01,1.606677138185934328e-01,3.458630788732513367e-02,8.492021433222959326e-01,2.435017871893997154e-01
2.856633709385291708e-01,2.513919854163958467e-01,6.963533406430146011e-02,7.008106263807950369e-03,1.448748002387978129e-01,4.122804581510854799e-02,4.291186445663112276e-02,1.481888029714483468e-01,4.428592911730774850e-02,1.252809388852363648e-01,5.612209486620364091e-02,2.647010365555770017e-02,3.548251293107531068e-01,0.000000000000000000e+00,3.339873017592195209e-02,8.221884928145575810e-02,2.974514723024505522e-02,4.704833036261964890e-02,2.560859668091016172e-01,1.235091907225937674e-01,0.000000000000000000e+00,4.958175896566652079e-03,5.037110976432657150e-02,0.000000000000000000e+00,5.464159514895302466e-02,3.138914532018751563e-03,1.941077772768138032e-01,1.273978777470398116e-01,6.948553721358885493e-02,1.312571492454753241e-01,1.715886670122070690e-01,4.724766121753672804e-02,5.606762339866782664e-03,4.321128024340601531e-02,0.000000000000000000e+00,7.926167374448621350e-02,8.656872550444039138e-02,3.682126071655608679e-02,1.039863743457215967e-01,3.238943220052072358e-01,1.673122566512603993e-02,5.567471714788276710e-02,9.528771885972751876e-02,6.044712364672544247e-02,3.650018797046322011e-02,3.299949970661822385e-02,4.185797285168969123e-02,1.296331618992417889e-01,5.799083590727843740e-02,1.027742840348007565e-02,1.322926722685406897e-01,1.212630211338789898e-01,7.553572133869147776e-02,7.670098877828869684e-03,6.116891877544053391e-02,1.370790480512071585e-01,1.347109943531192566e-01,0.000000000000000000e+00,1.111872747874804723e-01,4.924368803277179990e-02,2.098162523810923399e-02,2.066709388100196054e-01,5.791143004821564660e-02
2.725935561555772879e-01,4.525197097030923543e-01,4.953626594798074545e-02,9.496374593937987468e-04,1.663474650586434234e-01,3.630608457489616775e-02,4.274461633702300589e-02,4.169445441140359754e-01,2.774969632028664521e-02,1.424457065872055672e-01,5.140073475509737005e-02,3.075367112987529780e-02,2.906915165793584888e-01,9.221414722928712726e-02,1.030092787334325050e-01,8.623667423066942728e-02,7.226812572360512277e-02,6.798161048426074049e-02,2.070396543114264853e-01,1.006306528565426989e-01,9.396761639071980017e-04,1.003320778632223534e-02,8.550182616268368896e-02,1.321911653742782224e-02,4.943881175913688447e-02,0.000000000000000000e+00,1.374323911615080718e-01,8.618159829602657640e-02,5.315412269844439069e-02,5.599574623860085337e-02,2.740881719250617965e-02,1.056149932038723122e-01,2.177960218808336693e-02,2.844428631563872267e-02,0.000000000000000000e+00,4.267370006333398580e-02,2.598387361778681237e-02,2.036492891589341270e-01,5.462286913844081188e-02,2.217186042955361647e-01,7.923885173843715768e-02,1.350306810695483251e-01,1.139390664135620651e-01,1.505143392642315815e-02,2.167471861334422864e-02,2.357738677798255564e-02,1.304392373030096586e-01,1.188228839060096464e-01,0.000000000000000000e+00,5.699170799215250854e-02,1.100819691620962687e-01,2.071470634404049826e-01,4.684153530571378427e-02,3.082783643133496509e-03,2.758770798739386410e-02,1.492972041365430713e-01,1.434045367608485777e-01,7.300410858973850614e-02,3.285344429559451662e-02,4.194387429399006745e-02,2.465430206341112651e-02,2.178738175920499065e-01,3.469932232003455214e-02
2.445328717773834759e-01,3.258186862568761555e-01,2.411206112046330174e-01,1.435024937207361566e-02,1.834148574845790095e-02,0.000000000000000000e+00,5.891514953291650952e-02,1.296428997117987370e-01,1.548239661289878832e-01,8.747990539095018558e-02,3.046792941873884344e-02,1.722594835374140210e-02,2.749902553858819543e-01,0.000000000000000000e+00,1.642416821605078778e-02,1.385658518323968080e-01,0.000000000000000000e+00,9.852662630490248430e-02,6.056178819576127359e-02,8.024279831323749557e-02,1.848352784528035642e-01,2.884895952273716299e-02,2.316998794999286168e-02,3.931181094334609133e-02,4.483606579778432605e-02,1.000797444097221468e-02,9.970559129931555464e-02,1.767849001636216666e-02,4.536197363502839086e-01,1.275468644266992690e-01,1.601852772356545176e-02,1.864794112427624606e-01,0.000000000000000000e+00,2.735984823122496537e-02,1.496338830242213876e-02,1.034164461494406773e-01,2.940415128010855431e-02,9.088917586347793065e-02,1.248556596824751397e-01,6.588235167791801905e-02,2.476308293172947705e-02,7.614341864596997633e-02,3.392484839032601507e-02,0.000000000000000000e+00,6.293004369156364464e-02,2.774092292708781049e-02,4.561370082943145415e-02,2.825512198621438764e-01,8.077511904921592933e-02,4.171802818503038690e-01,1.589427345406209391e-01,2.354821974122271733e-02,7.062567166024109888e-02,0.000000000000000000e+00,0.000000000000000000e+00,7.198965808144254519e-02,1.741878734282097801e-02,0.000000000000000000e+00,1.895090939827723947e-02,2.035601337146649217e-02,2.957124871008748671e-02,1.586280242570317911e-01,1.045597300350464137e-01
8.863280686520544904e-01,7.886469334340476811e-01,3.979912460407368860e-03,2.782879794158910330e-03,1.203768883871399326e-01,1.017863201389425896e-02,4.525415123978631105e-01,5.465438776410836974e-01,2.212088633034133833e-01,2.066727291529000532e-01,6.485663611604014500e-02,3.782716234966738977e-02,6.236448366834498325e-01,3.329264937035402577e-03,1.449862255891591900e-01,2.339307481750267648e-01,8.041547334182443107e-02,2.490173472367858409e-01,5.605149847149882847e-01,2.205809654086771376e-01,1.781609827172908611e-02,0.000000000000000000e+00,1.386255179213450317e-01,0.000000000000000000e+00,1.287689205441948925e-01,1.743021268469554796e-01,2.874463924842523554e-01,1.116282670503936925e-01,8.227409424041516595e-02,2.233267517687878845e-01,1.094306587821419346e-01,5.971294431060961833e-02,2.312910156122741923e-01,8.988908427978133109e-02,0.000000000000000000e+00,1.293023755692424281e-01,1.354859687035452898e-01,2.182554413427275630e-01,3.006203765346197876e-02,4.709896807422151999e-01,3.717944080874635016e-01,1.318304043072881793e-01,1.613207131263579563e-01,4.072717170786580715e-02,1.456592153696663512e-02,2.715635161515480081e-02,1.488605373916917218e-01,2.666183381099129224e-01,3.098320866965301960e-03,4.636291145913745693e-02,1.860160443080205173e-01,4.654115468156177493e-01,8.812480860011202843e-02,0.000000000000000000e+00,2.709434335056847346e-02,2.715435472219372426e-01,3.328424144301403986e-01,0.000000000000000000e+00,1.775964553320271214e-02,2.497051186542940948e-01,2.584200958886238575e-01,4.784501245670240155e-01,8.736091654386506089e-02
